date,region,temperature,precipitation,humidity,wind
2024-01-01,UA-46,5.5,10.3,86,5.24
2024-01-02,UA-46,4.0,1.7,81,4.6
2024-01-03,UA-46,5.8,8.7,83,5.45
2024-01-04,UA-46,7.0,6.9,83,5.4
2024-01-05,UA-46,1.2,0.3,81,4.35
2024-01-06,UA-46,3.1,4.8,89,3.26
2024-01-07,UA-46,-3.8,9.7,92,5.84
2024-01-08,UA-46,-11.4,1.3,82,4.5
2024-01-09,UA-46,-13.5,0.0,79,1.51
2024-01-10,UA-46,-11.1,0.0,74,3.31
2024-01-11,UA-46,-4.6,2.7,76,6.45
2024-01-12,UA-46,-5.7,1.8,79,4.2
2024-01-13,UA-46,-1.7,4.4,90,6.64
2024-01-14,UA-46,-1.4,2.3,82,6.55
2024-01-15,UA-46,-0.5,0.1,75,5.09
2024-01-16,UA-46,-2.3,0.5,82,4.39
2024-01-17,UA-46,-3.1,0.9,82,4.81
2024-01-18,UA-46,4.8,4.6,91,4.07
2024-01-19,UA-46,-1.6,3.9,91,3.83
2024-01-20,UA-46,-0.9,0.7,78,5.66
2024-01-21,UA-46,-2.1,0.0,82,3.8
2024-01-22,UA-46,-1.2,0.2,64,4.58
2024-01-23,UA-46,1.7,8.3,85,4.5
2024-01-24,UA-46,2.3,5.1,82,7.6
2024-01-25,UA-46,3.8,7.8,88,8.27
2024-01-26,UA-46,1.1,1.2,80,4.95
2024-01-27,UA-46,1.9,7.2,91,5.23
2024-01-28,UA-46,1.4,1.9,92,3.22
2024-01-29,UA-46,0.5,0.0,85,2.33
2024-01-30,UA-46,-0.0,0.0,74,2.7
2024-01-31,UA-46,1.6,0.0,71,3.53
2024-02-01,UA-46,3.3,1.0,76,5.69
2024-02-02,UA-46,2.0,1.2,78,5.7
2024-02-03,UA-46,5.5,4.4,87,8.08
2024-02-04,UA-46,6.1,5.2,78,7.69
2024-02-05,UA-46,5.8,10.6,88,7.47
2024-02-06,UA-46,8.5,0.7,66,7.8
2024-02-07,UA-46,7.1,4.2,70,7.22
2024-02-08,UA-46,0.9,12.2,95,3.16
2024-02-09,UA-46,4.1,6.8,93,2.46
2024-02-10,UA-46,8.3,3.1,84,3.56
2024-02-11,UA-46,9.2,2.6,81,4.27
2024-02-12,UA-46,9.6,1.6,80,3.01
2024-02-13,UA-46,6.2,2.2,82,5.05
2024-02-14,UA-46,3.0,0.0,75,3.34
2024-02-15,UA-46,1.3,0.0,81,2.28
2024-02-16,UA-46,1.8,0.0,85,3.61
2024-02-17,UA-46,5.4,1.6,81,4.06
2024-02-18,UA-46,2.5,0.4,78,3.39
2024-02-19,UA-46,2.0,2.4,81,4.29
2024-02-20,UA-46,6.2,5.9,86,4.92
2024-02-21,UA-46,6.1,0.8,79,3.58
2024-02-22,UA-46,7.7,0.0,64,5.04
2024-02-23,UA-46,8.5,2.0,75,4.94
2024-02-24,UA-46,9.8,0.6,72,4.47
2024-02-25,UA-46,9.9,1.4,86,3.43
2024-02-26,UA-46,9.6,0.0,85,4.71
2024-02-27,UA-46,9.1,0.0,77,3.78
2024-02-28,UA-46,9.2,0.0,74,2.38
2024-02-29,UA-46,8.9,0.3,82,2.68
2024-03-01,UA-46,5.6,0.1,89,5.43
2024-03-02,UA-46,7.1,0.0,78,4.48
2024-03-03,UA-46,5.9,3.7,84,4.32
2024-03-04,UA-46,8.0,4.5,85,3.19
2024-03-05,UA-46,7.8,0.3,80,3.11
2024-03-06,UA-46,4.4,6.0,89,3.67
2024-03-07,UA-46,1.3,0.7,80,4.2
2024-03-08,UA-46,0.4,0.0,74,1.95
2024-03-09,UA-46,2.8,0.0,74,2.19
2024-03-10,UA-46,6.3,0.3,65,3.88
2024-03-11,UA-46,5.4,1.8,80,7.11
2024-03-12,UA-46,5.1,1.6,94,4.56
2024-03-13,UA-46,3.1,4.6,95,3.1
2024-03-14,UA-46,3.2,0.0,88,1.81
2024-03-15,UA-46,4.3,0.0,81,3.37
2024-03-16,UA-46,7.9,0.7,74,3.47
2024-03-17,UA-46,6.1,6.2,78,4.29
2024-03-18,UA-46,1.0,2.7,87,2.6
2024-03-19,UA-46,1.1,6.1,93,4.75
2024-03-20,UA-46,2.9,2.8,91,2.85
2024-03-21,UA-46,3.0,0.0,82,2.1
2024-03-22,UA-46,6.3,1.8,85,2.99
2024-03-23,UA-46,11.5,3.4,66,4.72
2024-03-24,UA-46,4.9,3.4,82,3.68
2024-03-25,UA-46,4.4,1.7,81,1.54
2024-03-26,UA-46,6.8,0.0,68,3.21
2024-03-27,UA-46,9.9,0.0,58,6.14
2024-03-28,UA-46,10.4,0.9,70,5.84
2024-03-29,UA-46,11.7,12.1,64,4.69
2024-03-30,UA-46,16.4,0.0,54,4.43
2024-03-31,UA-46,18.0,0.0,47,4.76
2024-04-01,UA-46,19.8,0.0,43,5.53
2024-04-02,UA-46,12.2,7.6,71,6.83
2024-04-03,UA-46,11.5,0.7,59,6.69
2024-04-04,UA-46,10.3,2.0,77,1.84
2024-04-05,UA-46,12.0,3.7,74,3.58
2024-04-06,UA-46,13.0,2.8,71,4.37
2024-04-07,UA-46,14.0,0.0,67,1.97
2024-04-08,UA-46,16.8,0.0,60,2.89
2024-04-09,UA-46,17.6,0.0,61,2.38
2024-04-10,UA-46,16.3,0.0,70,3.69
2024-04-11,UA-46,14.2,0.0,67,2.66
2024-04-12,UA-46,14.3,0.0,65,1.98
2024-04-13,UA-46,14.9,0.4,69,4.18
2024-04-14,UA-46,16.9,1.7,65,4.57
2024-04-15,UA-46,11.5,13.0,85,2.73
2024-04-16,UA-46,9.9,6.1,86,3.65
2024-04-17,UA-46,7.8,0.2,74,1.27
2024-04-18,UA-46,5.5,6.3,84,4.49
2024-04-19,UA-46,5.3,0.4,70,4.96
2024-04-20,UA-46,7.9,0.1,61,3.45
2024-04-21,UA-46,7.1,2.2,77,3.45
2024-04-22,UA-46,5.3,3.5,83,2.37
2024-04-23,UA-46,6.7,0.4,80,3.57
2024-04-24,UA-46,9.2,7.4,86,2.85
2024-04-25,UA-46,7.9,0.4,80,3.03
2024-04-26,UA-46,9.1,0.4,68,1.5
2024-04-27,UA-46,11.8,0.1,63,2.65
2024-04-28,UA-46,14.8,0.0,61,3.13
2024-04-29,UA-46,16.3,0.0,54,4.99
2024-04-30,UA-46,16.1,0.0,50,5.89
2024-05-01,UA-46,17.1,0.0,47,5.43
2024-05-02,UA-46,16.9,0.0,46,3.7
2024-05-03,UA-46,17.5,0.0,50,3.25
2024-05-04,UA-46,15.6,0.0,57,2.55
2024-05-05,UA-46,16.9,0.0,55,2.31
2024-05-06,UA-46,17.8,2.0,66,3.68
2024-05-07,UA-46,13.2,4.4,79,3.36
2024-05-08,UA-46,10.8,0.0,62,3.35
2024-05-09,UA-46,12.5,0.0,57,2.54
2024-05-10,UA-46,13.9,0.0,56,2.33
2024-05-11,UA-46,12.8,1.0,65,3.63
2024-05-12,UA-46,10.4,0.0,54,3.03
2024-05-13,UA-46,11.5,0.0,54,2.17
2024-05-14,UA-46,12.2,0.0,54,3.28
2024-05-15,UA-46,12.4,0.0,51,4.73
2024-05-16,UA-46,13.4,0.0,46,5.13
2024-05-17,UA-46,14.8,0.3,48,5.7
2024-05-18,UA-46,13.8,4.2,70,3.24
2024-05-19,UA-46,15.9,0.4,73,2.41
2024-05-20,UA-46,17.7,0.7,72,1.75
2024-05-21,UA-46,19.3,0.4,69,2.0
2024-05-22,UA-46,18.8,2.2,70,2.99
2024-05-23,UA-46,19.3,0.0,65,3.08
2024-05-24,UA-46,19.7,0.6,56,3.11
2024-05-25,UA-46,19.4,0.6,58,3.28
2024-05-26,UA-46,19.3,0.0,48,2.81
2024-05-27,UA-46,18.5,0.1,50,2.64
2024-05-28,UA-46,17.6,0.8,61,3.07
2024-05-29,UA-46,18.4,2.0,67,2.54
2024-05-30,UA-46,15.8,4.0,81,2.87
2024-05-31,UA-46,18.0,0.8,76,1.67
2024-06-01,UA-46,19.5,6.4,72,3.09
2024-06-02,UA-46,17.8,2.0,69,4.76
2024-06-03,UA-46,19.6,1.6,69,3.02
2024-06-04,UA-46,18.0,13.1,82,1.76
2024-06-05,UA-46,18.2,0.6,78,3.53
2024-06-06,UA-46,20.2,0.1,70,2.92
2024-06-07,UA-46,19.8,2.6,75,3.06
2024-06-08,UA-46,19.6,0.9,73,2.23
2024-06-09,UA-46,18.6,13.4,83,2.47
2024-06-10,UA-46,19.3,20.0,86,3.08
2024-06-11,UA-46,18.0,7.5,89,2.86
2024-06-12,UA-46,16.5,0.3,68,2.77
2024-06-13,UA-46,15.3,9.1,83,2.36
2024-06-14,UA-46,14.0,4.3,83,3.55
2024-06-15,UA-46,16.7,0.0,69,1.22
2024-06-16,UA-46,19.4,0.0,66,1.88
2024-06-17,UA-46,19.7,0.0,76,3.31
2024-06-18,UA-46,22.3,0.2,67,2.26
2024-06-19,UA-46,24.5,0.0,62,3.67
2024-06-20,UA-46,18.6,1.6,69,3.59
2024-06-21,UA-46,20.4,0.0,61,1.91
2024-06-22,UA-46,21.6,9.3,76,2.82
2024-06-23,UA-46,19.8,1.1,73,2.88
2024-06-24,UA-46,18.4,0.0,71,2.96
2024-06-25,UA-46,19.6,0.1,72,2.18
2024-06-26,UA-46,22.2,0.0,67,3.26
2024-06-27,UA-46,23.4,0.0,60,4.27
2024-06-28,UA-46,24.0,0.4,65,2.46
2024-06-29,UA-46,24.2,1.3,74,1.56
2024-06-30,UA-46,25.6,0.0,66,3.3
2024-07-01,UA-46,22.9,12.0,77,2.09
2024-07-02,UA-46,17.3,27.3,91,3.35
2024-07-03,UA-46,15.6,7.1,84,1.88
2024-07-04,UA-46,17.1,2.3,80,1.94
2024-07-05,UA-46,18.1,0.5,75,3.39
2024-07-06,UA-46,22.5,0.2,65,3.58
2024-07-07,UA-46,24.3,0.5,65,3.06
2024-07-08,UA-46,22.3,0.4,83,2.0
2024-07-09,UA-46,24.3,1.9,77,2.65
2024-07-10,UA-46,26.1,0.2,69,3.23
2024-07-11,UA-46,26.3,0.0,66,2.36
2024-07-12,UA-46,25.9,0.0,69,1.48
2024-07-13,UA-46,27.6,1.9,65,3.09
2024-07-14,UA-46,24.9,4.8,78,1.92
2024-07-15,UA-46,24.8,3.1,76,1.65
2024-07-16,UA-46,26.3,1.5,70,2.12
2024-07-17,UA-46,24.0,0.2,80,2.26
2024-07-18,UA-46,21.9,12.6,78,2.7
2024-07-19,UA-46,21.6,0.0,68,2.15
2024-07-20,UA-46,22.4,0.4,66,2.38
2024-07-21,UA-46,20.8,2.2,78,2.22
2024-07-22,UA-46,21.9,0.0,76,1.18
2024-07-23,UA-46,21.0,10.5,83,2.35
2024-07-24,UA-46,20.7,0.7,77,2.48
2024-07-25,UA-46,17.7,18.6,87,4.37
2024-07-26,UA-46,18.5,1.4,86,3.24
2024-07-27,UA-46,21.4,0.0,66,1.8
2024-07-28,UA-46,21.9,1.2,67,4.94
2024-07-29,UA-46,18.0,0.0,65,6.17
2024-07-30,UA-46,18.0,0.0,64,4.92
2024-07-31,UA-46,20.0,0.0,62,3.11
2024-08-01,UA-46,20.2,0.9,71,3.2
2024-08-02,UA-46,21.7,3.7,74,1.13
2024-08-03,UA-46,17.8,18.6,89,2.84
2024-08-04,UA-46,19.1,0.4,75,2.45
2024-08-05,UA-46,16.8,20.3,86,2.96
2024-08-06,UA-46,16.5,17.9,89,3.19
2024-08-07,UA-46,19.5,0.4,78,2.06
2024-08-08,UA-46,21.2,0.9,75,1.79
2024-08-09,UA-46,19.5,16.3,89,2.37
2024-08-10,UA-46,21.3,0.6,77,3.3
2024-08-11,UA-46,21.1,1.0,74,3.01
2024-08-12,UA-46,18.5,0.0,69,2.17
2024-08-13,UA-46,18.9,0.0,66,2.01
2024-08-14,UA-46,19.2,0.0,63,3.65
2024-08-15,UA-46,20.8,0.0,67,2.66
2024-08-16,UA-46,23.3,0.0,71,1.73
2024-08-17,UA-46,23.9,0.4,73,1.66
2024-08-18,UA-46,23.3,1.2,75,1.86
2024-08-19,UA-46,24.2,0.6,71,1.71
2024-08-20,UA-46,22.6,0.3,83,1.65
2024-08-21,UA-46,23.0,8.2,81,2.88
2024-08-22,UA-46,18.1,1.6,78,2.95
2024-08-23,UA-46,18.5,0.0,68,2.02
2024-08-24,UA-46,21.5,0.0,65,2.17
2024-08-25,UA-46,23.0,0.0,60,2.96
2024-08-26,UA-46,22.9,0.0,72,2.67
2024-08-27,UA-46,23.1,1.1,75,3.25
2024-08-28,UA-46,23.6,0.0,66,3.64
2024-08-29,UA-46,23.0,0.1,67,2.34
2024-08-30,UA-46,22.3,0.9,70,1.72
2024-08-31,UA-46,22.6,0.0,63,1.68
2024-09-01,UA-46,20.5,0.0,76,1.92
2024-09-02,UA-46,21.4,0.0,64,2.75
2024-09-03,UA-46,21.5,0.0,60,2.61
2024-09-04,UA-46,21.7,0.1,58,3.02
2024-09-05,UA-46,20.1,0.0,59,3.87
2024-09-06,UA-46,20.6,0.0,53,4.49
2024-09-07,UA-46,21.0,0.0,53,4.44
2024-09-08,UA-46,19.3,0.0,42,4.86
2024-09-09,UA-46,19.4,0.0,40,5.59
2024-09-10,UA-46,16.8,7.2,74,1.88
2024-09-11,UA-46,16.7,3.7,93,1.84
2024-09-12,UA-46,17.8,2.3,90,1.2
2024-09-13,UA-46,17.9,0.3,86,2.65
2024-09-14,UA-46,16.2,33.9,93,4.32
2024-09-15,UA-46,14.4,7.2,87,2.36
2024-09-16,UA-46,15.2,5.1,85,3.55
2024-09-17,UA-46,17.2,0.0,66,3.7
2024-09-18,UA-46,15.8,0.1,71,3.1
2024-09-19,UA-46,15.1,0.6,65,3.65
2024-09-20,UA-46,13.7,0.0,64,2.45
2024-09-21,UA-46,14.9,0.0,72,1.55
2024-09-22,UA-46,15.6,0.0,76,1.27
2024-09-23,UA-46,16.8,0.0,73,2.09
2024-09-24,UA-46,17.5,0.3,70,3.08
2024-09-25,UA-46,17.6,4.5,76,3.63
2024-09-26,UA-46,17.9,0.0,70,5.17
2024-09-27,UA-46,19.7,0.1,67,4.79
2024-09-28,UA-46,15.8,18.4,80,3.22
2024-09-29,UA-46,10.4,6.3,82,4.08
2024-09-30,UA-46,7.9,7.8,82,4.61
2024-10-01,UA-46,7.2,0.3,87,2.55
2024-10-02,UA-46,10.1,0.0,77,3.65
2024-10-03,UA-46,11.3,8.0,93,1.65
2024-10-04,UA-46,11.6,4.6,97,3.15
2024-10-05,UA-46,11.7,10.8,97,2.8
2024-10-06,UA-46,10.3,4.1,95,3.11
2024-10-07,UA-46,10.7,0.5,85,3.11
2024-10-08,UA-46,14.1,0.0,78,3.66
2024-10-09,UA-46,15.8,0.0,77,3.78
2024-10-10,UA-46,17.6,0.3,70,4.61
2024-10-11,UA-46,12.5,8.7,91,3.29
2024-10-12,UA-46,8.2,0.0,81,2.37
2024-10-13,UA-46,8.5,2.6,78,4.26
2024-10-14,UA-46,8.1,0.2,71,5.94
2024-10-15,UA-46,7.2,0.7,85,2.54
2024-10-16,UA-46,7.6,0.4,83,2.85
2024-10-17,UA-46,5.3,0.0,79,4.28
2024-10-18,UA-46,6.7,0.0,68,4.44
2024-10-19,UA-46,5.6,0.0,74,4.21
2024-10-20,UA-46,5.9,0.0,75,3.85
2024-10-21,UA-46,7.4,0.0,73,2.58
2024-10-22,UA-46,8.2,0.0,74,2.56
2024-10-23,UA-46,9.8,0.1,81,3.31
2024-10-24,UA-46,6.3,0.0,84,1.41
2024-10-25,UA-46,5.8,0.0,87,2.19
2024-10-26,UA-46,7.7,0.0,82,2.34
2024-10-27,UA-46,10.8,0.3,79,2.63
2024-10-28,UA-46,10.2,0.0,82,3.55
2024-10-29,UA-46,10.5,0.5,88,2.43
2024-10-30,UA-46,12.7,0.5,86,4.14
2024-10-31,UA-46,10.9,0.7,80,5.04
2024-11-01,UA-46,12.1,0.0,67,6.82
2024-11-02,UA-46,7.2,0.7,69,5.62
2024-11-03,UA-46,2.4,0.0,70,3.49
2024-11-04,UA-46,4.3,0.2,75,5.15
2024-11-05,UA-46,1.4,0.0,78,1.89
2024-11-06,UA-46,2.1,0.0,75,1.95
2024-11-07,UA-46,2.7,0.0,77,2.35
2024-11-08,UA-46,1.8,0.0,94,1.59
2024-11-09,UA-46,2.7,0.0,83,3.91
2024-11-10,UA-46,2.1,0.0,84,3.28
2024-11-11,UA-46,-0.3,0.0,94,2.39
2024-11-12,UA-46,0.5,0.6,90,1.98
2024-11-13,UA-46,0.3,2.1,92,2.84
2024-11-14,UA-46,1.2,1.7,88,4.25
2024-11-15,UA-46,3.3,2.5,92,4.56
2024-11-16,UA-46,3.9,0.0,82,4.44
2024-11-17,UA-46,4.2,0.0,72,4.57
2024-11-18,UA-46,4.1,0.6,75,5.5
2024-11-19,UA-46,5.5,0.6,79,4.7
2024-11-20,UA-46,5.5,10.7,84,6.05
2024-11-21,UA-46,0.2,0.8,85,4.57
2024-11-22,UA-46,-0.4,3.5,87,3.77
2024-11-23,UA-46,0.2,0.3,83,5.49
2024-11-24,UA-46,1.1,1.3,72,3.98
2024-11-25,UA-46,4.7,0.0,78,3.75
2024-11-26,UA-46,2.8,0.2,85,3.08
2024-11-27,UA-46,4.9,0.2,89,3.15
2024-11-28,UA-46,3.6,8.0,88,3.55
2024-11-29,UA-46,4.4,0.8,91,2.29
2024-11-30,UA-46,4.0,0.0,91,2.75
2024-12-01,UA-46,3.2,0.0,93,3.03
2024-12-02,UA-46,2.1,0.0,93,3.17
2024-12-03,UA-46,1.4,0.0,92,2.31
2024-12-04,UA-46,1.7,0.0,91,1.38
2024-12-05,UA-46,0.9,0.0,86,2.42
2024-12-06,UA-46,0.8,0.0,88,4.26
2024-12-07,UA-46,1.4,0.2,95,1.97
2024-12-08,UA-46,2.4,4.9,97,2.56
2024-12-09,UA-46,2.0,4.4,96,4.58
2024-12-10,UA-46,-0.0,4.8,95,3.64
2024-12-11,UA-46,-0.6,1.8,96,3.57
2024-12-12,UA-46,0.5,0.9,94,4.31
2024-12-13,UA-46,-3.5,0.4,85,2.85
2024-12-14,UA-46,-3.2,0.1,84,3.53
2024-12-15,UA-46,1.0,1.2,89,6.68
2024-12-16,UA-46,5.5,7.8,88,9.41
2024-12-17,UA-46,7.7,2.3,82,9.07
2024-12-18,UA-46,6.6,0.4,80,5.38
2024-12-19,UA-46,8.2,0.0,65,5.4
2024-12-20,UA-46,5.2,3.3,81,4.61
2024-12-21,UA-46,0.3,0.0,87,2.42
2024-12-22,UA-46,0.5,0.0,76,4.14
2024-12-23,UA-46,-0.7,0.1,89,2.06
2024-12-24,UA-46,-0.4,0.4,85,3.15
2024-12-25,UA-46,-0.8,0.0,89,2.67
2024-12-26,UA-46,-1.6,0.0,90,1.26
2024-12-27,UA-46,-1.4,1.0,94,2.07
2024-12-28,UA-46,-1.0,0.2,96,0.96
2024-12-29,UA-46,-0.9,0.0,95,2.21
2024-12-30,UA-46,0.4,0.0,80,4.67
2024-12-31,UA-46,1.4,0.0,73,4.55
2024-01-01,UA-30,1.5,4.7,92,3.04
2024-01-02,UA-30,-1.6,0.7,83,5.13
2024-01-03,UA-30,-4.4,7.3,86,3.97
2024-01-04,UA-30,1.8,4.7,92,2.07
2024-01-05,UA-30,-1.9,1.1,90,4.07
2024-01-06,UA-30,-2.3,0.9,86,2.9
2024-01-07,UA-30,-9.2,0.0,77,5.59
2024-01-08,UA-30,-14.1,0.0,74,5.49
2024-01-09,UA-30,-10.5,0.0,80,4.39
2024-01-10,UA-30,-4.2,0.4,87,5.18
2024-01-11,UA-30,-3.2,2.3,85,6.66
2024-01-12,UA-30,-10.5,0.0,70,3.92
2024-01-13,UA-30,-8.2,3.0,84,3.28
2024-01-14,UA-30,-3.2,1.8,89,4.62
2024-01-15,UA-30,-1.1,0.0,77,4.82
2024-01-16,UA-30,-3.5,0.0,72,4.99
2024-01-17,UA-30,-7.8,0.0,72,3.71
2024-01-18,UA-30,1.0,4.1,92,5.65
2024-01-19,UA-30,0.4,2.5,87,4.0
2024-01-20,UA-30,-1.9,1.9,75,4.17
2024-01-21,UA-30,-2.3,1.5,88,3.36
2024-01-22,UA-30,-3.2,0.0,77,4.99
2024-01-23,UA-30,-0.6,2.5,83,5.46
2024-01-24,UA-30,0.8,4.1,92,4.76
2024-01-25,UA-30,2.5,3.3,95,4.22
2024-01-26,UA-30,0.8,3.2,96,4.07
2024-01-27,UA-30,0.5,0.5,93,3.2
2024-01-28,UA-30,-0.8,0.0,89,3.56
2024-01-29,UA-30,-2.2,0.0,78,1.6
2024-01-30,UA-30,-0.6,0.0,77,3.34
2024-01-31,UA-30,1.5,0.0,73,3.65
2024-02-01,UA-30,2.7,0.2,82,5.07
2024-02-02,UA-30,1.8,0.4,72,5.51
2024-02-03,UA-30,2.8,5.0,90,6.29
2024-02-04,UA-30,4.5,1.4,74,6.14
2024-02-05,UA-30,2.1,6.2,84,7.51
2024-02-06,UA-30,1.9,4.4,88,3.74
2024-02-07,UA-30,6.0,2.1,77,7.12
2024-02-08,UA-30,0.1,1.1,81,3.51
2024-02-09,UA-30,-2.1,8.6,94,3.95
2024-02-10,UA-30,-1.1,7.1,98,4.2
2024-02-11,UA-30,1.0,0.1,100,3.88
2024-02-12,UA-30,3.8,0.1,98,2.64
2024-02-13,UA-30,6.2,4.9,94,2.33
2024-02-14,UA-30,3.1,2.0,99,3.2
2024-02-15,UA-30,1.3,0.0,98,2.84
2024-02-16,UA-30,2.0,0.0,96,1.6
2024-02-17,UA-30,0.6,0.7,93,3.66
2024-02-18,UA-30,1.4,1.5,80,4.51
2024-02-19,UA-30,-1.4,0.0,69,2.13
2024-02-20,UA-30,-1.3,2.9,81,5.37
2024-02-21,UA-30,2.7,1.3,94,2.78
2024-02-22,UA-30,5.5,0.7,80,4.16
2024-02-23,UA-30,6.0,0.4,82,6.52
2024-02-24,UA-30,7.8,0.0,75,6.02
2024-02-25,UA-30,5.6,2.0,78,5.51
2024-02-26,UA-30,4.6,0.0,72,5.01
2024-02-27,UA-30,3.0,0.0,74,4.02
2024-02-28,UA-30,4.1,0.0,69,4.08
2024-02-29,UA-30,4.9,0.0,71,3.02
2024-03-01,UA-30,3.9,0.0,73,2.82
2024-03-02,UA-30,2.8,0.0,76,3.07
2024-03-03,UA-30,1.9,0.0,76,3.81
2024-03-04,UA-30,3.2,0.0,75,3.59
2024-03-05,UA-30,4.5,0.0,73,2.43
2024-03-06,UA-30,1.4,0.0,77,3.91
2024-03-07,UA-30,-1.4,0.0,74,2.17
2024-03-08,UA-30,1.0,0.0,68,2.44
2024-03-09,UA-30,1.5,0.0,72,1.98
2024-03-10,UA-30,1.7,0.0,67,3.12
2024-03-11,UA-30,-0.4,0.0,57,4.1
2024-03-12,UA-30,0.4,1.4,71,4.5
2024-03-13,UA-30,1.7,1.1,73,4.04
2024-03-14,UA-30,2.6,0.0,75,2.07
2024-03-15,UA-30,3.9,0.0,85,1.69
2024-03-16,UA-30,4.6,0.1,88,1.96
2024-03-17,UA-30,6.9,5.0,87,3.56
2024-03-18,UA-30,2.9,16.9,94,3.32
2024-03-19,UA-30,2.9,1.0,83,3.13
2024-03-20,UA-30,3.3,7.0,92,3.83
2024-03-21,UA-30,5.8,0.2,78,2.25
2024-03-22,UA-30,6.9,0.0,70,1.69
2024-03-23,UA-30,9.5,0.3,73,3.99
2024-03-24,UA-30,7.0,4.9,86,3.97
2024-03-25,UA-30,4.4,3.3,82,3.14
2024-03-26,UA-30,5.2,0.9,74,4.03
2024-03-27,UA-30,5.8,0.0,76,3.3
2024-03-28,UA-30,9.9,2.6,67,5.66
2024-03-29,UA-30,8.4,5.2,86,3.65
2024-03-30,UA-30,12.7,0.0,64,3.7
2024-03-31,UA-30,16.8,0.0,59,4.14
2024-04-01,UA-30,17.7,0.0,56,4.14
2024-04-02,UA-30,16.3,1.4,64,5.48
2024-04-03,UA-30,11.5,1.3,61,7.27
2024-04-04,UA-30,7.3,0.0,65,4.19
2024-04-05,UA-30,9.3,0.0,69,2.36
2024-04-06,UA-30,12.4,5.1,79,2.53
2024-04-07,UA-30,11.6,0.1,78,2.22
2024-04-08,UA-30,15.0,0.0,63,2.2
2024-04-09,UA-30,17.5,0.0,53,2.76
2024-04-10,UA-30,18.0,0.0,53,2.24
2024-04-11,UA-30,16.0,0.0,59,3.92
2024-04-12,UA-30,14.2,0.0,57,3.86
2024-04-13,UA-30,14.3,0.2,66,3.62
2024-04-14,UA-30,15.1,1.4,68,3.9
2024-04-15,UA-30,10.3,10.0,80,2.96
2024-04-16,UA-30,11.6,9.9,87,2.3
2024-04-17,UA-30,7.8,12.6,89,3.41
2024-04-18,UA-30,6.9,15.9,92,4.7
2024-04-19,UA-30,6.5,5.6,82,5.16
2024-04-20,UA-30,8.6,1.0,65,2.94
2024-04-21,UA-30,7.4,25.9,92,5.95
2024-04-22,UA-30,7.7,0.6,78,4.46
2024-04-23,UA-30,9.8,0.8,77,1.86
2024-04-24,UA-30,10.1,14.8,91,4.96
2024-04-25,UA-30,13.3,0.2,80,2.18
2024-04-26,UA-30,11.2,0.3,83,3.49
2024-04-27,UA-30,11.9,0.0,70,2.47
2024-04-28,UA-30,13.5,0.0,64,1.85
2024-04-29,UA-30,14.0,0.0,60,3.02
2024-04-30,UA-30,14.7,0.0,58,2.54
2024-05-01,UA-30,16.8,0.0,55,1.35
2024-05-02,UA-30,17.6,0.0,56,2.38
2024-05-03,UA-30,14.6,0.0,56,3.63
2024-05-04,UA-30,12.3,0.0,53,2.36
2024-05-05,UA-30,15.8,0.2,56,3.76
2024-05-06,UA-30,17.2,3.9,66,3.63
2024-05-07,UA-30,13.3,2.6,73,5.27
2024-05-08,UA-30,9.8,0.0,62,2.84
2024-05-09,UA-30,9.2,0.0,55,2.74
2024-05-10,UA-30,13.0,0.0,57,2.66
2024-05-11,UA-30,12.3,0.0,60,4.33
2024-05-12,UA-30,8.1,1.0,65,3.17
2024-05-13,UA-30,7.5,0.7,65,3.04
2024-05-14,UA-30,9.0,0.0,56,2.67
2024-05-15,UA-30,11.0,0.0,47,3.24
2024-05-16,UA-30,12.2,0.1,50,1.99
2024-05-17,UA-30,14.5,0.0,52,2.21
2024-05-18,UA-30,16.8,0.2,55,1.71
2024-05-19,UA-30,17.5,0.0,57,1.76
2024-05-20,UA-30,18.5,0.0,54,2.35
2024-05-21,UA-30,19.5,0.0,53,2.63
2024-05-22,UA-30,20.2,0.0,54,2.9
2024-05-23,UA-30,20.5,0.8,57,3.64
2024-05-24,UA-30,20.4,0.5,54,4.12
2024-05-25,UA-30,18.3,0.0,41,3.22
2024-05-26,UA-30,18.5,0.0,44,2.45
2024-05-27,UA-30,20.4,0.0,47,2.9
2024-05-28,UA-30,20.4,0.0,51,3.34
2024-05-29,UA-30,20.8,0.0,47,3.59
2024-05-30,UA-30,17.1,2.3,77,2.19
2024-05-31,UA-30,18.2,0.2,73,3.05
2024-06-01,UA-30,21.6,2.7,71,2.97
2024-06-02,UA-30,20.2,10.0,79,1.92
2024-06-03,UA-30,20.0,0.0,71,3.37
2024-06-04,UA-30,21.4,5.8,72,1.85
2024-06-05,UA-30,20.2,5.0,74,3.31
2024-06-06,UA-30,20.8,1.0,69,4.91
2024-06-07,UA-30,20.8,0.0,68,2.53
2024-06-08,UA-30,20.2,3.3,71,2.75
2024-06-09,UA-30,20.5,0.1,65,2.06
2024-06-10,UA-30,22.6,7.2,76,2.67
2024-06-11,UA-30,22.3,28.8,81,3.18
2024-06-12,UA-30,17.0,54.0,91,4.84
2024-06-13,UA-30,17.9,0.0,70,2.81
2024-06-14,UA-30,18.7,2.4,78,1.77
2024-06-15,UA-30,18.6,7.7,88,3.2
2024-06-16,UA-30,18.6,11.9,91,3.19
2024-06-17,UA-30,21.2,2.8,77,3.89
2024-06-18,UA-30,22.1,0.0,68,3.07
2024-06-19,UA-30,24.1,0.0,63,3.36
2024-06-20,UA-30,19.5,0.5,66,5.9
2024-06-21,UA-30,19.3,0.0,65,3.25
2024-06-22,UA-30,21.8,0.0,65,1.64
2024-06-23,UA-30,20.7,18.4,81,2.83
2024-06-24,UA-30,18.7,1.1,77,4.12
2024-06-25,UA-30,19.7,0.4,72,3.57
2024-06-26,UA-30,20.9,0.0,66,2.07
2024-06-27,UA-30,22.7,0.0,69,1.94
2024-06-28,UA-30,23.2,0.0,64,1.64
2024-06-29,UA-30,23.8,0.0,64,1.25
2024-06-30,UA-30,25.3,0.0,62,1.97
2024-07-01,UA-30,26.1,0.0,57,3.29
2024-07-02,UA-30,24.8,0.2,61,3.02
2024-07-03,UA-30,21.2,1.6,86,2.6
2024-07-04,UA-30,22.3,8.5,84,1.67
2024-07-05,UA-30,19.9,7.0,73,3.98
2024-07-06,UA-30,19.7,0.0,65,1.73
2024-07-07,UA-30,20.8,0.0,63,2.66
2024-07-08,UA-30,22.6,0.0,63,1.71
2024-07-09,UA-30,24.9,0.0,65,3.34
2024-07-10,UA-30,25.7,0.0,72,3.41
2024-07-11,UA-30,27.0,0.1,68,1.97
2024-07-12,UA-30,27.8,0.5,66,1.89
2024-07-13,UA-30,28.8,0.0,57,2.88
2024-07-14,UA-30,28.0,0.0,57,2.72
2024-07-15,UA-30,27.0,0.4,64,1.53
2024-07-16,UA-30,28.0,0.2,67,1.51
2024-07-17,UA-30,27.3,0.9,68,1.53
2024-07-18,UA-30,24.4,5.6,80,2.1
2024-07-19,UA-30,22.5,0.7,75,3.29
2024-07-20,UA-30,22.0,0.0,67,2.31
2024-07-21,UA-30,22.9,0.0,64,1.22
2024-07-22,UA-30,22.6,0.3,72,1.62
2024-07-23,UA-30,22.1,0.1,70,2.63
2024-07-24,UA-30,21.7,1.2,71,2.28
2024-07-25,UA-30,20.8,0.1,61,1.9
2024-07-26,UA-30,21.7,0.1,68,1.77
2024-07-27,UA-30,21.9,6.4,78,1.27
2024-07-28,UA-30,23.9,0.1,64,2.63
2024-07-29,UA-30,19.3,2.0,61,7.48
2024-07-30,UA-30,17.9,5.3,83,6.82
2024-07-31,UA-30,19.3,0.3,67,4.16
2024-08-01,UA-30,21.2,0.0,60,2.86
2024-08-02,UA-30,20.9,0.0,62,2.25
2024-08-03,UA-30,18.5,28.8,82,2.76
2024-08-04,UA-30,18.9,0.6,78,3.77
2024-08-05,UA-30,20.5,0.1,70,1.75
2024-08-06,UA-30,20.8,2.3,77,1.7
2024-08-07,UA-30,20.5,0.6,74,2.65
2024-08-08,UA-30,20.8,0.0,72,2.42
2024-08-09,UA-30,21.6,3.0,73,1.22
2024-08-10,UA-30,21.5,3.0,77,2.02
2024-08-11,UA-30,20.1,0.3,69,4.26
2024-08-12,UA-30,17.7,0.0,68,4.18
2024-08-13,UA-30,17.1,0.0,67,3.88
2024-08-14,UA-30,17.7,0.0,71,2.11
2024-08-15,UA-30,19.7,0.0,65,1.9
2024-08-16,UA-30,20.1,0.0,65,1.46
2024-08-17,UA-30,21.5,0.0,62,2.03
2024-08-18,UA-30,23.9,0.0,61,2.35
2024-08-19,UA-30,25.6,0.0,56,2.16
2024-08-20,UA-30,25.0,0.0,50,2.17
2024-08-21,UA-30,25.1,0.0,54,1.96
2024-08-22,UA-30,22.9,0.3,64,3.22
2024-08-23,UA-30,18.5,0.1,65,3.49
2024-08-24,UA-30,20.0,0.0,67,2.06
2024-08-25,UA-30,23.3,0.0,62,2.27
2024-08-26,UA-30,24.3,0.0,60,2.37
2024-08-27,UA-30,24.8,0.0,58,2.99
2024-08-28,UA-30,24.6,0.0,55,3.22
2024-08-29,UA-30,24.8,0.0,50,3.46
2024-08-30,UA-30,23.5,0.0,48,3.03
2024-08-31,UA-30,21.8,0.0,54,2.97
2024-09-01,UA-30,23.2,0.0,54,2.36
2024-09-02,UA-30,23.2,0.0,50,3.43
2024-09-03,UA-30,22.5,0.2,55,2.56
2024-09-04,UA-30,22.7,0.0,46,3.87
2024-09-05,UA-30,22.1,0.1,50,4.92
2024-09-06,UA-30,20.4,0.0,47,4.08
2024-09-07,UA-30,18.3,0.0,46,3.23
2024-09-08,UA-30,17.5,0.0,51,2.45
2024-09-09,UA-30,18.0,0.0,50,3.51
2024-09-10,UA-30,18.4,0.0,62,2.34
2024-09-11,UA-30,21.0,0.1,68,2.32
2024-09-12,UA-30,21.6,3.1,72,3.84
2024-09-13,UA-30,20.4,1.0,79,3.83
2024-09-14,UA-30,22.0,0.0,56,5.47
2024-09-15,UA-30,22.4,0.0,37,6.41
2024-09-16,UA-30,21.2,0.0,41,6.1
2024-09-17,UA-30,19.8,0.0,48,4.06
2024-09-18,UA-30,17.1,0.0,56,4.12
2024-09-19,UA-30,15.5,0.0,48,3.27
2024-09-20,UA-30,16.4,0.0,61,2.76
2024-09-21,UA-30,16.2,0.0,67,1.97
2024-09-22,UA-30,17.0,0.0,66,2.17
2024-09-23,UA-30,16.1,0.0,65,2.08
2024-09-24,UA-30,18.2,0.0,58,2.97
2024-09-25,UA-30,19.3,0.0,50,4.05
2024-09-26,UA-30,18.8,0.9,61,4.55
2024-09-27,UA-30,21.9,0.2,63,4.96
2024-09-28,UA-30,21.9,0.0,57,4.35
2024-09-29,UA-30,15.2,0.7,77,4.55
2024-09-30,UA-30,12.2,0.0,75,5.64
2024-10-01,UA-30,12.4,0.0,78,3.71
2024-10-02,UA-30,12.5,0.0,79,2.19
2024-10-03,UA-30,15.7,0.0,60,3.11
2024-10-04,UA-30,16.1,2.9,77,2.91
2024-10-05,UA-30,15.4,8.4,94,2.39
2024-10-06,UA-30,15.8,14.4,94,3.43
2024-10-07,UA-30,10.6,8.3,92,4.71
2024-10-08,UA-30,11.0,0.0,78,4.42
2024-10-09,UA-30,13.6,0.0,79,3.34
2024-10-10,UA-30,14.6,0.0,85,3.74
2024-10-11,UA-30,15.9,3.8,88,3.73
2024-10-12,UA-30,11.7,12.3,86,5.39
2024-10-13,UA-30,9.2,0.0,86,2.87
2024-10-14,UA-30,8.9,2.4,87,5.35
2024-10-15,UA-30,8.8,0.7,86,3.76
2024-10-16,UA-30,7.4,2.2,89,3.8
2024-10-17,UA-30,5.5,0.0,83,3.7
2024-10-18,UA-30,5.0,0.1,83,2.88
2024-10-19,UA-30,4.3,0.0,80,2.87
2024-10-20,UA-30,4.9,0.0,81,2.63
2024-10-21,UA-30,6.5,0.0,79,2.43
2024-10-22,UA-30,8.7,0.0,66,2.85
2024-10-23,UA-30,8.9,0.0,79,4.4
2024-10-24,UA-30,7.4,0.0,81,4.31
2024-10-25,UA-30,8.6,0.4,84,3.62
2024-10-26,UA-30,7.4,0.0,82,2.08
2024-10-27,UA-30,8.5,0.0,82,2.79
2024-10-28,UA-30,10.6,0.0,81,2.78
2024-10-29,UA-30,7.6,0.0,78,2.55
2024-10-30,UA-30,9.6,0.0,85,3.16
2024-10-31,UA-30,10.1,0.6,78,4.59
2024-11-01,UA-30,10.3,0.4,75,6.83
2024-11-02,UA-30,7.7,1.3,58,7.63
2024-11-03,UA-30,3.6,0.0,62,5.66
2024-11-04,UA-30,4.1,0.6,58,8.21
2024-11-05,UA-30,2.5,0.0,70,4.78
2024-11-06,UA-30,5.5,0.0,76,4.41
2024-11-07,UA-30,5.2,0.0,79,3.22
2024-11-08,UA-30,4.4,1.0,88,3.52
2024-11-09,UA-30,4.4,0.1,79,1.32
2024-11-10,UA-30,3.0,0.0,84,1.88
2024-11-11,UA-30,1.8,0.5,87,1.54
2024-11-12,UA-30,2.7,0.0,76,2.12
2024-11-13,UA-30,2.6,0.9,79,2.54
2024-11-14,UA-30,0.9,1.6,93,3.04
2024-11-15,UA-30,1.0,1.2,91,3.54
2024-11-16,UA-30,2.9,0.1,90,3.84
2024-11-17,UA-30,4.5,0.0,80,4.1
2024-11-18,UA-30,3.0,1.1,81,3.73
2024-11-19,UA-30,2.8,0.1,77,4.61
2024-11-20,UA-30,8.2,1.3,72,7.2
2024-11-21,UA-30,0.5,16.4,92,4.98
2024-11-22,UA-30,-0.7,17.8,94,4.47
2024-11-23,UA-30,-0.2,3.9,89,6.0
2024-11-24,UA-30,-1.1,0.0,86,3.04
2024-11-25,UA-30,-3.2,0.0,92,2.61
2024-11-26,UA-30,-4.1,0.0,91,3.13
2024-11-27,UA-30,-3.5,0.2,92,2.44
2024-11-28,UA-30,1.0,0.0,94,2.72
2024-11-29,UA-30,-0.0,1.1,94,3.17
2024-11-30,UA-30,0.3,0.0,95,0.83
2024-12-01,UA-30,0.9,0.1,96,1.5
2024-12-02,UA-30,0.9,0.0,95,2.62
2024-12-03,UA-30,-2.1,0.0,90,2.96
2024-12-04,UA-30,-3.2,0.3,89,1.73
2024-12-05,UA-30,-2.3,0.5,88,1.91
2024-12-06,UA-30,-1.1,2.5,93,3.12
2024-12-07,UA-30,1.8,6.9,97,5.21
2024-12-08,UA-30,-0.3,0.0,97,4.52
2024-12-09,UA-30,0.1,1.0,97,3.8
2024-12-10,UA-30,0.1,6.5,97,4.03
2024-12-11,UA-30,-0.6,3.6,97,4.39
2024-12-12,UA-30,-1.6,1.0,84,5.68
2024-12-13,UA-30,-4.9,0.3,68,6.2
2024-12-14,UA-30,-5.9,0.0,71,3.89
2024-12-15,UA-30,-0.6,2.4,88,5.27
2024-12-16,UA-30,2.7,6.3,87,7.75
2024-12-17,UA-30,4.2,11.2,85,6.87
2024-12-18,UA-30,1.8,0.0,79,4.76
2024-12-19,UA-30,4.2,0.3,86,4.36
2024-12-20,UA-30,3.2,2.1,88,3.92
2024-12-21,UA-30,0.9,0.0,91,2.66
2024-12-22,UA-30,-2.0,0.0,84,1.72
2024-12-23,UA-30,-1.5,0.1,97,1.84
2024-12-24,UA-30,0.3,1.1,97,2.06
2024-12-25,UA-30,-0.4,0.1,94,3.47
2024-12-26,UA-30,-0.3,0.5,90,3.08
2024-12-27,UA-30,0.3,2.0,99,2.11
2024-12-28,UA-30,-0.3,0.5,95,1.95
2024-12-29,UA-30,-0.7,0.2,97,2.38
2024-12-30,UA-30,-0.0,0.1,97,3.79
2024-12-31,UA-30,1.5,0.0,90,5.02
2024-01-01,UA-51,6.5,0.0,93,4.99
2024-01-02,UA-51,5.9,0.0,72,3.85
2024-01-03,UA-51,5.3,0.1,79,4.32
2024-01-04,UA-51,7.4,0.7,78,3.82
2024-01-05,UA-51,5.0,0.0,76,3.94
2024-01-06,UA-51,6.5,0.0,88,4.57
2024-01-07,UA-51,6.4,12.7,98,3.76
2024-01-08,UA-51,-1.5,16.5,94,7.77
2024-01-09,UA-51,-7.8,3.2,77,6.42
2024-01-10,UA-51,-6.7,0.0,77,5.2
2024-01-11,UA-51,-1.9,0.3,69,5.78
2024-01-12,UA-51,-5.6,0.7,70,5.89
2024-01-13,UA-51,-5.1,1.5,78,4.1
2024-01-14,UA-51,-3.0,0.0,83,3.73
2024-01-15,UA-51,-0.0,0.0,80,4.11
2024-01-16,UA-51,1.8,4.6,79,4.27
2024-01-17,UA-51,1.5,0.0,75,2.98
2024-01-18,UA-51,6.9,0.1,93,7.2
2024-01-19,UA-51,5.5,0.9,90,4.48
2024-01-20,UA-51,-0.9,0.6,80,5.43
2024-01-21,UA-51,-0.9,0.0,77,4.21
2024-01-22,UA-51,-0.4,0.0,82,2.98
2024-01-23,UA-51,3.0,0.7,80,4.54
2024-01-24,UA-51,1.8,0.5,90,3.25
2024-01-25,UA-51,4.3,1.4,79,5.28
2024-01-26,UA-51,2.9,0.7,83,6.3
2024-01-27,UA-51,1.8,0.0,78,4.05
2024-01-28,UA-51,1.6,0.6,85,5.37
2024-01-29,UA-51,1.6,0.0,84,5.38
2024-01-30,UA-51,-1.2,0.0,88,2.56
2024-01-31,UA-51,-0.4,0.0,83,2.42
2024-02-01,UA-51,1.1,0.0,81,3.13
2024-02-02,UA-51,2.8,0.0,75,4.64
2024-02-03,UA-51,4.0,0.2,72,5.79
2024-02-04,UA-51,8.3,0.0,64,6.26
2024-02-05,UA-51,8.3,1.5,72,6.57
2024-02-06,UA-51,9.2,1.1,72,4.43
2024-02-07,UA-51,9.4,0.0,61,4.7
2024-02-08,UA-51,7.2,0.0,77,3.3
2024-02-09,UA-51,8.2,0.0,79,3.6
2024-02-10,UA-51,7.5,0.0,84,2.56
2024-02-11,UA-51,8.9,0.0,85,5.07
2024-02-12,UA-51,9.4,0.5,79,7.22
2024-02-13,UA-51,7.2,2.6,94,3.2
2024-02-14,UA-51,6.8,0.9,92,3.68
2024-02-15,UA-51,6.0,0.1,91,5.83
2024-02-16,UA-51,2.1,0.0,84,4.76
2024-02-17,UA-51,-0.1,0.0,91,2.61
2024-02-18,UA-51,3.0,0.9,91,3.24
2024-02-19,UA-51,0.7,0.0,69,2.92
2024-02-20,UA-51,1.5,0.0,72,1.9
2024-02-21,UA-51,4.0,0.0,80,2.81
2024-02-22,UA-51,5.1,0.0,84,4.14
2024-02-23,UA-51,7.7,0.0,82,7.22
2024-02-24,UA-51,8.8,0.0,79,7.11
2024-02-25,UA-51,6.6,0.0,82,6.72
2024-02-26,UA-51,5.6,0.0,79,4.53
2024-02-27,UA-51,3.9,0.0,73,3.77
2024-02-28,UA-51,4.3,0.0,79,3.44
2024-02-29,UA-51,5.0,0.0,87,2.19
2024-03-01,UA-51,5.7,0.0,83,3.03
2024-03-02,UA-51,5.2,0.0,70,4.09
2024-03-03,UA-51,3.8,0.0,76,2.56
2024-03-04,UA-51,4.0,0.0,81,2.27
2024-03-05,UA-51,4.9,0.0,83,2.81
2024-03-06,UA-51,5.7,0.0,63,4.81
2024-03-07,UA-51,2.6,0.0,67,4.36
2024-03-08,UA-51,1.8,0.0,64,3.2
2024-03-09,UA-51,3.1,0.0,60,2.79
2024-03-10,UA-51,5.5,0.0,69,3.07
2024-03-11,UA-51,5.3,0.2,79,5.14
2024-03-12,UA-51,5.0,3.8,86,7.3
2024-03-13,UA-51,4.7,13.3,92,5.96
2024-03-14,UA-51,3.8,2.6,93,4.25
2024-03-15,UA-51,6.2,3.4,96,3.36
2024-03-16,UA-51,5.8,0.9,97,2.33
2024-03-17,UA-51,6.8,0.3,88,3.43
2024-03-18,UA-51,5.6,3.7,86,3.42
2024-03-19,UA-51,4.2,5.2,89,2.97
2024-03-20,UA-51,4.2,2.0,86,3.59
2024-03-21,UA-51,4.0,1.4,87,2.58
2024-03-22,UA-51,6.0,0.4,78,2.68
2024-03-23,UA-51,6.5,0.0,80,3.93
2024-03-24,UA-51,8.8,0.0,82,7.13
2024-03-25,UA-51,6.1,24.2,95,5.66
2024-03-26,UA-51,5.7,3.8,78,7.28
2024-03-27,UA-51,6.4,0.0,84,3.41
2024-03-28,UA-51,10.4,0.0,78,6.97
2024-03-29,UA-51,13.1,0.0,63,4.68
2024-03-30,UA-51,11.4,0.0,70,4.66
2024-03-31,UA-51,11.4,0.0,78,4.59
2024-04-01,UA-51,12.4,0.0,81,3.63
2024-04-02,UA-51,14.7,0.0,65,6.09
2024-04-03,UA-51,13.1,0.0,55,4.3
2024-04-04,UA-51,13.4,0.1,64,2.37
2024-04-05,UA-51,13.0,0.2,74,2.12
2024-04-06,UA-51,13.0,1.0,79,2.85
2024-04-07,UA-51,13.8,0.4,80,1.6
2024-04-08,UA-51,15.0,0.0,67,2.2
2024-04-09,UA-51,15.2,0.0,64,2.08
2024-04-10,UA-51,17.0,0.0,58,2.21
2024-04-11,UA-51,19.5,0.0,54,3.4
2024-04-12,UA-51,17.5,0.0,52,5.21
2024-04-13,UA-51,16.5,0.4,53,4.13
2024-04-14,UA-51,18.1,0.0,60,4.47
2024-04-15,UA-51,19.0,0.0,61,5.19
2024-04-16,UA-51,18.9,0.0,71,4.64
2024-04-17,UA-51,16.8,0.1,76,3.58
2024-04-18,UA-51,11.0,2.6,85,4.19
2024-04-19,UA-51,9.8,0.0,67,3.67
2024-04-20,UA-51,10.1,23.3,78,5.75
2024-04-21,UA-51,8.4,3.4,83,6.86
2024-04-22,UA-51,8.9,4.2,89,3.35
2024-04-23,UA-51,11.1,1.3,80,2.3
2024-04-24,UA-51,13.3,1.9,87,4.66
2024-04-25,UA-51,13.5,1.3,92,2.09
2024-04-26,UA-51,13.8,0.2,82,3.42
2024-04-27,UA-51,14.6,0.0,64,3.34
2024-04-28,UA-51,15.4,0.0,59,5.41
2024-04-29,UA-51,16.5,0.0,54,6.88
2024-04-30,UA-51,16.9,0.0,47,6.58
2024-05-01,UA-51,17.4,0.0,43,4.97
2024-05-02,UA-51,19.1,0.0,41,4.34
2024-05-03,UA-51,20.0,0.0,42,3.42
2024-05-04,UA-51,15.7,0.0,41,6.07
2024-05-05,UA-51,13.1,0.0,47,3.53
2024-05-06,UA-51,14.6,0.0,58,5.31
2024-05-07,UA-51,15.4,5.1,77,5.58
2024-05-08,UA-51,13.6,0.2,61,4.96
2024-05-09,UA-51,14.1,0.0,50,4.08
2024-05-10,UA-51,14.4,0.0,51,2.7
2024-05-11,UA-51,16.9,0.0,48,4.28
2024-05-12,UA-51,13.3,0.0,42,5.36
2024-05-13,UA-51,11.1,0.2,46,4.93
2024-05-14,UA-51,9.3,1.8,68,6.7
2024-05-15,UA-51,13.3,0.0,48,3.98
2024-05-16,UA-51,12.7,0.1,69,2.57
2024-05-17,UA-51,14.4,0.0,60,2.84
2024-05-18,UA-51,13.2,0.4,65,2.12
2024-05-19,UA-51,14.8,0.0,61,2.56
2024-05-20,UA-51,16.7,0.0,57,2.47
2024-05-21,UA-51,19.0,0.0,52,2.3
2024-05-22,UA-51,20.4,0.0,52,3.38
2024-05-23,UA-51,21.0,0.0,46,3.83
2024-05-24,UA-51,22.1,0.0,44,5.51
2024-05-25,UA-51,20.1,0.0,42,5.18
2024-05-26,UA-51,17.2,1.0,45,5.32
2024-05-27,UA-51,17.4,1.6,58,5.07
2024-05-28,UA-51,18.9,5.7,78,3.22
2024-05-29,UA-51,17.5,5.4,87,3.25
2024-05-30,UA-51,17.2,0.8,86,4.8
2024-05-31,UA-51,19.1,0.0,80,4.27
2024-06-01,UA-51,20.6,0.0,76,5.01
2024-06-02,UA-51,22.6,0.0,72,5.63
2024-06-03,UA-51,23.6,0.0,61,2.88
2024-06-04,UA-51,21.5,0.4,72,3.78
2024-06-05,UA-51,23.4,0.1,62,3.33
2024-06-06,UA-51,24.0,0.0,52,3.04
2024-06-07,UA-51,25.2,0.0,51,2.67
2024-06-08,UA-51,23.2,3.1,64,2.14
2024-06-09,UA-51,23.4,0.0,68,3.33
2024-06-10,UA-51,24.5,0.8,68,6.57
2024-06-11,UA-51,23.8,0.0,75,6.86
2024-06-12,UA-51,23.7,0.0,63,4.46
2024-06-13,UA-51,20.1,2.9,71,2.72
2024-06-14,UA-51,20.3,3.3,77,3.73
2024-06-15,UA-51,20.2,1.6,82,6.46
2024-06-16,UA-51,21.8,1.3,74,5.08
2024-06-17,UA-51,23.7,0.2,67,2.31
2024-06-18,UA-51,25.4,0.0,59,1.69
2024-06-19,UA-51,26.1,0.0,54,2.84
2024-06-20,UA-51,25.9,0.4,48,5.07
2024-06-21,UA-51,22.5,0.0,45,2.35
2024-06-22,UA-51,24.3,0.0,50,2.56
2024-06-23,UA-51,26.0,0.0,48,3.85
2024-06-24,UA-51,24.5,0.8,56,4.26
2024-06-25,UA-51,23.2,0.0,52,4.82
2024-06-26,UA-51,23.4,0.0,52,2.55
2024-06-27,UA-51,25.0,0.0,45,2.55
2024-06-28,UA-51,26.0,0.0,43,3.37
2024-06-29,UA-51,26.9,0.0,42,2.65
2024-06-30,UA-51,26.5,0.0,44,3.38
2024-07-01,UA-51,27.6,0.0,42,2.72
2024-07-02,UA-51,26.8,0.0,53,3.6
2024-07-03,UA-51,26.6,0.0,58,2.75
2024-07-04,UA-51,26.1,0.2,54,3.26
2024-07-05,UA-51,25.1,0.0,48,5.63
2024-07-06,UA-51,25.5,0.0,40,4.04
2024-07-07,UA-51,26.2,0.0,43,2.88
2024-07-08,UA-51,28.5,0.0,37,3.39
2024-07-09,UA-51,30.0,0.0,40,4.52
2024-07-10,UA-51,31.2,0.0,39,4.68
2024-07-11,UA-51,30.9,0.0,34,3.38
2024-07-12,UA-51,30.8,0.0,37,2.9
2024-07-13,UA-51,29.2,0.0,44,2.46
2024-07-14,UA-51,29.2,0.0,38,2.55
2024-07-15,UA-51,31.6,0.0,41,2.87
2024-07-16,UA-51,33.3,0.0,38,3.62
2024-07-17,UA-51,32.8,0.0,41,3.33
2024-07-18,UA-51,31.3,1.3,43,3.96
2024-07-19,UA-51,28.9,0.0,51,5.81
2024-07-20,UA-51,27.5,0.0,44,3.77
2024-07-21,UA-51,27.2,0.0,53,2.91
2024-07-22,UA-51,26.2,5.4,60,2.28
2024-07-23,UA-51,27.1,0.0,49,3.79
2024-07-24,UA-51,26.6,0.0,46,2.3
2024-07-25,UA-51,23.7,12.3,69,1.64
2024-07-26,UA-51,20.4,21.0,88,3.31
2024-07-27,UA-51,25.3,0.1,61,3.24
2024-07-28,UA-51,27.1,0.0,58,3.2
2024-07-29,UA-51,24.6,0.0,50,4.95
2024-07-30,UA-51,21.5,0.0,53,6.61
2024-07-31,UA-51,22.7,0.0,52,4.27
2024-08-01,UA-51,24.6,0.0,48,3.53
2024-08-02,UA-51,25.5,0.0,56,3.0
2024-08-03,UA-51,25.2,3.4,71,5.4
2024-08-04,UA-51,22.2,9.6,74,4.69
2024-08-05,UA-51,23.4,0.0,57,3.22
2024-08-06,UA-51,21.8,0.7,69,1.96
2024-08-07,UA-51,23.7,0.0,63,1.54
2024-08-08,UA-51,25.4,0.0,56,2.4
2024-08-09,UA-51,25.9,0.0,55,3.03
2024-08-10,UA-51,25.5,4.1,60,3.11
2024-08-11,UA-51,26.4,0.0,47,3.98
2024-08-12,UA-51,25.0,0.0,44,2.83
2024-08-13,UA-51,25.2,0.0,37,3.01
2024-08-14,UA-51,22.8,0.0,48,3.08
2024-08-15,UA-51,23.4,0.0,52,2.88
2024-08-16,UA-51,24.8,0.0,53,2.99
2024-08-17,UA-51,27.1,0.0,42,4.73
2024-08-18,UA-51,27.7,0.0,40,3.04
2024-08-19,UA-51,26.0,0.0,46,2.41
2024-08-20,UA-51,26.2,0.0,40,2.38
2024-08-21,UA-51,26.6,0.0,46,2.41
2024-08-22,UA-51,27.4,0.0,44,2.61
2024-08-23,UA-51,24.9,0.0,44,4.89
2024-08-24,UA-51,25.3,0.0,38,4.75
2024-08-25,UA-51,28.1,0.0,43,3.44
2024-08-26,UA-51,27.5,0.0,45,2.39
2024-08-27,UA-51,25.0,1.9,49,3.27
2024-08-28,UA-51,23.6,2.2,69,4.34
2024-08-29,UA-51,24.0,1.6,67,4.33
2024-08-30,UA-51,24.7,0.0,53,4.62
2024-08-31,UA-51,24.1,0.4,49,5.4
2024-09-01,UA-51,24.7,0.0,49,4.66
2024-09-02,UA-51,26.2,0.0,39,3.28
2024-09-03,UA-51,23.4,0.3,60,4.4
2024-09-04,UA-51,17.4,17.2,88,5.21
2024-09-05,UA-51,18.9,14.4,80,5.32
2024-09-06,UA-51,22.2,0.0,59,6.35
2024-09-07,UA-51,20.4,0.0,48,5.5
2024-09-08,UA-51,20.5,0.0,43,4.65
2024-09-09,UA-51,20.5,0.0,54,2.42
2024-09-10,UA-51,21.0,0.0,78,2.48
2024-09-11,UA-51,22.1,1.8,81,2.31
2024-09-12,UA-51,21.6,0.9,83,3.19
2024-09-13,UA-51,22.3,0.0,81,3.16
2024-09-14,UA-51,22.9,0.0,80,4.88
2024-09-15,UA-51,22.2,2.5,69,5.54
2024-09-16,UA-51,21.3,0.5,54,6.73
2024-09-17,UA-51,21.3,1.2,49,5.22
2024-09-18,UA-51,16.8,2.4,73,6.53
2024-09-19,UA-51,18.5,0.0,43,7.07
2024-09-20,UA-51,17.9,0.0,39,4.82
2024-09-21,UA-51,19.3,0.0,50,3.59
2024-09-22,UA-51,19.7,0.0,46,3.21
2024-09-23,UA-51,20.6,0.0,50,2.63
2024-09-24,UA-51,20.4,0.0,62,2.87
2024-09-25,UA-51,20.0,0.0,65,3.48
2024-09-26,UA-51,20.7,0.0,75,3.53
2024-09-27,UA-51,21.5,0.0,78,5.4
2024-09-28,UA-51,20.9,0.0,77,3.47
2024-09-29,UA-51,20.2,0.0,81,1.81
2024-09-30,UA-51,19.5,0.0,58,5.04
2024-10-01,UA-51,18.5,0.0,50,6.66
2024-10-02,UA-51,17.1,0.0,66,2.89
2024-10-03,UA-51,17.2,0.0,72,3.14
2024-10-04,UA-51,20.1,0.0,71,5.75
2024-10-05,UA-51,21.4,0.0,84,5.11
2024-10-06,UA-51,20.0,11.8,89,3.83
2024-10-07,UA-51,15.4,6.1,80,4.47
2024-10-08,UA-51,15.4,0.0,75,2.79
2024-10-09,UA-51,17.7,0.0,78,4.15
2024-10-10,UA-51,18.1,0.1,82,2.55
2024-10-11,UA-51,20.0,2.6,88,4.48
2024-10-12,UA-51,15.0,19.5,94,5.45
2024-10-13,UA-51,12.6,0.0,75,4.48
2024-10-14,UA-51,11.7,0.0,74,3.46
2024-10-15,UA-51,10.8,2.7,76,2.04
2024-10-16,UA-51,10.6,0.2,78,5.0
2024-10-17,UA-51,8.2,0.0,76,6.38
2024-10-18,UA-51,7.4,0.0,65,5.32
2024-10-19,UA-51,6.9,0.0,75,5.28
2024-10-20,UA-51,6.9,0.0,71,4.18
2024-10-21,UA-51,9.6,0.0,65,4.0
2024-10-22,UA-51,10.7,0.0,68,1.99
2024-10-23,UA-51,12.2,0.0,70,3.5
2024-10-24,UA-51,10.2,0.0,71,4.3
2024-10-25,UA-51,8.0,0.0,81,3.4
2024-10-26,UA-51,9.2,0.0,77,1.7
2024-10-27,UA-51,12.7,0.0,76,3.35
2024-10-28,UA-51,13.4,0.0,79,3.49
2024-10-29,UA-51,11.0,0.0,74,3.91
2024-10-30,UA-51,10.7,0.0,70,1.97
2024-10-31,UA-51,12.8,0.1,76,4.25
2024-11-01,UA-51,13.4,0.0,71,5.13
2024-11-02,UA-51,11.6,0.0,61,6.09
2024-11-03,UA-51,4.7,0.0,55,4.73
2024-11-04,UA-51,6.4,0.0,55,7.29
2024-11-05,UA-51,2.9,0.0,55,4.0
2024-11-06,UA-51,6.1,0.0,51,3.63
2024-11-07,UA-51,7.0,0.0,54,2.67
2024-11-08,UA-51,6.9,0.0,63,3.38
2024-11-09,UA-51,6.7,1.8,81,6.56
2024-11-10,UA-51,5.8,0.0,76,5.48
2024-11-11,UA-51,3.1,0.0,80,3.99
2024-11-12,UA-51,5.3,0.1,77,3.49
2024-11-13,UA-51,6.4,1.6,80,3.31
2024-11-14,UA-51,4.6,1.6,87,2.47
2024-11-15,UA-51,4.1,0.0,76,3.95
2024-11-16,UA-51,3.9,0.0,73,3.49
2024-11-17,UA-51,6.2,0.0,75,3.77
2024-11-18,UA-51,6.0,0.0,77,2.5
2024-11-19,UA-51,6.2,0.0,78,2.5
2024-11-20,UA-51,12.3,0.0,79,7.68
2024-11-21,UA-51,5.9,6.0,86,7.18
2024-11-22,UA-51,8.7,1.8,75,8.31
2024-11-23,UA-51,4.1,4.3,78,7.69
2024-11-24,UA-51,0.7,0.0,69,5.22
2024-11-25,UA-51,-1.2,0.0,79,3.72
2024-11-26,UA-51,-2.0,0.0,90,2.73
2024-11-27,UA-51,0.6,0.0,86,2.49
2024-11-28,UA-51,3.3,0.0,86,2.4
2024-11-29,UA-51,6.1,0.0,89,5.48
2024-11-30,UA-51,4.5,0.0,85,4.53
2024-12-01,UA-51,2.6,0.0,83,4.65
2024-12-02,UA-51,0.3,0.0,87,2.78
2024-12-03,UA-51,-0.2,0.0,87,2.88
2024-12-04,UA-51,-0.1,0.0,85,2.75
2024-12-05,UA-51,0.5,0.0,88,2.66
2024-12-06,UA-51,3.9,6.8,92,3.96
2024-12-07,UA-51,7.3,6.3,93,7.03
2024-12-08,UA-51,4.7,0.0,94,6.22
2024-12-09,UA-51,6.2,10.7,96,6.57
2024-12-10,UA-51,4.4,7.2,94,4.16
2024-12-11,UA-51,2.7,0.6,86,6.56
2024-12-12,UA-51,0.4,1.4,83,6.51
2024-12-13,UA-51,-1.8,0.0,64,6.65
2024-12-14,UA-51,0.0,0.3,68,4.69
2024-12-15,UA-51,3.4,3.8,82,5.5
2024-12-16,UA-51,4.4,0.1,67,7.14
2024-12-17,UA-51,8.9,0.7,64,7.0
2024-12-18,UA-51,7.1,0.1,78,4.89
2024-12-19,UA-51,6.1,0.0,91,3.64
2024-12-20,UA-51,8.8,0.0,94,4.21
2024-12-21,UA-51,5.6,1.2,91,5.98
2024-12-22,UA-51,2.0,2.7,92,4.78
2024-12-23,UA-51,4.0,0.0,94,3.11
2024-12-24,UA-51,6.2,0.0,90,6.22
2024-12-25,UA-51,4.4,2.6,90,8.11
2024-12-26,UA-51,2.0,0.1,87,7.28
2024-12-27,UA-51,0.5,0.4,85,5.29
2024-12-28,UA-51,0.3,0.0,85,4.42
2024-12-29,UA-51,-0.0,0.0,89,1.91
2024-12-30,UA-51,0.4,0.0,91,3.12
2024-12-31,UA-51,2.3,0.0,85,3.85
2024-01-01,UA-63,2.3,1.7,85,4.02
2024-01-02,UA-63,2.7,1.8,86,5.31
2024-01-03,UA-63,-7.6,1.4,75,3.48
2024-01-04,UA-63,-4.2,6.3,92,2.78
2024-01-05,UA-63,-3.6,2.7,93,3.09
2024-01-06,UA-63,-4.4,2.9,87,2.9
2024-01-07,UA-63,-8.9,0.2,82,5.39
2024-01-08,UA-63,-15.4,2.4,76,5.83
2024-01-09,UA-63,-14.1,0.0,80,4.51
2024-01-10,UA-63,-3.4,0.8,89,4.88
2024-01-11,UA-63,-2.5,2.9,91,6.27
2024-01-12,UA-63,-11.9,0.0,74,4.81
2024-01-13,UA-63,-14.6,0.0,81,2.66
2024-01-14,UA-63,-8.0,1.6,87,4.96
2024-01-15,UA-63,-3.1,0.2,86,4.56
2024-01-16,UA-63,-0.6,7.5,87,5.48
2024-01-17,UA-63,-8.7,0.0,75,4.04
2024-01-18,UA-63,-1.8,8.0,88,7.19
2024-01-19,UA-63,3.7,18.5,98,3.58
2024-01-20,UA-63,-2.3,4.4,88,4.85
2024-01-21,UA-63,-6.5,0.4,84,1.96
2024-01-22,UA-63,-9.2,0.0,86,2.47
2024-01-23,UA-63,-6.7,0.0,86,4.24
2024-01-24,UA-63,-4.2,0.0,86,4.4
2024-01-25,UA-63,-0.9,4.0,95,3.83
2024-01-26,UA-63,1.0,2.8,99,1.3
2024-01-27,UA-63,1.2,0.8,96,1.27
2024-01-28,UA-63,0.9,0.9,94,3.25
2024-01-29,UA-63,-0.1,0.0,87,2.35
2024-01-30,UA-63,-0.7,0.0,80,3.55
2024-01-31,UA-63,0.7,0.0,80,2.94
2024-02-01,UA-63,1.5,0.0,86,4.65
2024-02-02,UA-63,1.5,0.7,76,5.49
2024-02-03,UA-63,0.3,4.8,87,5.83
2024-02-04,UA-63,3.1,1.2,84,5.6
2024-02-05,UA-63,1.4,6.6,88,5.41
2024-02-06,UA-63,-0.2,0.7,79,4.61
2024-02-07,UA-63,4.6,2.3,85,5.72
2024-02-08,UA-63,1.0,0.5,75,3.73
2024-02-09,UA-63,-2.6,4.4,83,2.95
2024-02-10,UA-63,-1.9,8.0,92,5.1
2024-02-11,UA-63,-0.3,1.0,97,4.22
2024-02-12,UA-63,5.9,2.6,93,3.94
2024-02-13,UA-63,6.7,5.0,92,2.56
2024-02-14,UA-63,5.6,0.1,94,4.35
2024-02-15,UA-63,0.5,0.1,77,4.8
2024-02-16,UA-63,-3.4,0.8,67,3.79
2024-02-17,UA-63,-3.3,0.0,71,2.85
2024-02-18,UA-63,-1.3,2.4,87,3.58
2024-02-19,UA-63,-1.8,0.0,68,2.65
2024-02-20,UA-63,-2.8,0.0,70,3.15
2024-02-21,UA-63,-1.5,4.0,81,4.61
2024-02-22,UA-63,0.4,5.2,94,4.25
2024-02-23,UA-63,0.2,0.0,89,4.92
2024-02-24,UA-63,2.1,0.0,79,5.53
2024-02-25,UA-63,0.9,0.0,61,5.67
2024-02-26,UA-63,0.2,0.0,61,5.14
2024-02-27,UA-63,0.8,0.0,59,4.34
2024-02-28,UA-63,1.3,0.0,55,3.82
2024-02-29,UA-63,1.2,0.0,65,2.66
2024-03-01,UA-63,1.4,0.0,74,2.48
2024-03-02,UA-63,1.8,0.0,71,4.77
2024-03-03,UA-63,1.8,0.0,60,5.95
2024-03-04,UA-63,2.0,0.0,70,3.95
2024-03-05,UA-63,1.9,0.0,74,2.63
2024-03-06,UA-63,-1.5,0.0,78,4.44
2024-03-07,UA-63,-1.6,0.0,73,2.48
2024-03-08,UA-63,-0.3,0.0,64,2.69
2024-03-09,UA-63,1.5,0.0,59,2.26
2024-03-10,UA-63,0.3,0.7,66,3.04
2024-03-11,UA-63,-3.0,0.0,57,2.93
2024-03-12,UA-63,-0.6,0.0,54,2.36
2024-03-13,UA-63,2.0,0.4,51,5.48
2024-03-14,UA-63,2.1,1.1,74,4.57
2024-03-15,UA-63,3.4,0.0,77,3.12
2024-03-16,UA-63,3.8,0.8,81,1.67
2024-03-17,UA-63,5.4,0.9,85,1.83
2024-03-18,UA-63,6.6,0.3,82,2.52
2024-03-19,UA-63,6.1,6.2,88,2.89
2024-03-20,UA-63,5.2,0.0,74,4.06
2024-03-21,UA-63,2.0,0.0,77,3.03
2024-03-22,UA-63,1.4,0.0,77,2.28
2024-03-23,UA-63,4.8,0.0,71,3.38
2024-03-24,UA-63,8.6,0.2,64,5.58
2024-03-25,UA-63,7.3,0.0,71,3.63
2024-03-26,UA-63,8.0,0.2,68,2.55
2024-03-27,UA-63,5.4,0.0,81,2.34
2024-03-28,UA-63,10.4,0.2,59,4.14
2024-03-29,UA-63,12.2,5.1,68,3.35
2024-03-30,UA-63,12.5,0.0,65,3.42
2024-03-31,UA-63,16.0,0.0,49,3.32
2024-04-01,UA-63,16.7,0.0,44,4.57
2024-04-02,UA-63,17.7,0.0,47,5.47
2024-04-03,UA-63,13.2,0.2,52,4.81
2024-04-04,UA-63,10.0,0.5,57,4.64
2024-04-05,UA-63,5.8,0.0,67,2.65
2024-04-06,UA-63,9.8,0.0,63,2.57
2024-04-07,UA-63,14.5,0.0,61,1.7
2024-04-08,UA-63,15.1,0.0,62,2.46
2024-04-09,UA-63,16.5,0.0,56,2.47
2024-04-10,UA-63,18.1,0.0,53,1.49
2024-04-11,UA-63,19.6,0.0,50,2.08
2024-04-12,UA-63,16.4,0.0,47,3.62
2024-04-13,UA-63,13.7,0.0,57,3.36
2024-04-14,UA-63,15.3,0.3,56,3.34
2024-04-15,UA-63,13.7,7.5,64,4.95
2024-04-16,UA-63,12.4,3.9,88,1.46
2024-04-17,UA-63,16.8,0.0,74,4.03
2024-04-18,UA-63,15.7,4.8,73,3.17
2024-04-19,UA-63,9.6,1.2,75,5.63
2024-04-20,UA-63,11.7,2.0,60,3.43
2024-04-21,UA-63,15.2,0.5,56,6.93
2024-04-22,UA-63,10.3,2.5,68,4.77
2024-04-23,UA-63,10.6,1.6,73,1.97
2024-04-24,UA-63,11.2,1.9,74,5.56
2024-04-25,UA-63,17.3,0.0,70,2.4
2024-04-26,UA-63,16.5,2.8,82,2.33
2024-04-27,UA-63,15.2,0.0,78,3.26
2024-04-28,UA-63,13.7,2.7,74,4.07
2024-04-29,UA-63,14.8,0.0,54,5.27
2024-04-30,UA-63,14.7,0.0,53,3.33
2024-05-01,UA-63,16.5,0.0,50,2.39
2024-05-02,UA-63,16.9,0.0,54,2.75
2024-05-03,UA-63,12.2,0.0,51,4.36
2024-05-04,UA-63,8.1,0.0,40,3.0
2024-05-05,UA-63,14.1,0.0,38,4.92
2024-05-06,UA-63,18.4,0.0,47,3.03
2024-05-07,UA-63,16.0,9.2,64,5.89
2024-05-08,UA-63,8.2,0.0,58,3.86
2024-05-09,UA-63,7.4,0.0,48,3.02
2024-05-10,UA-63,10.8,0.0,46,2.63
2024-05-11,UA-63,12.9,0.5,52,4.67
2024-05-12,UA-63,8.6,0.0,59,4.03
2024-05-13,UA-63,8.0,0.0,59,3.37
2024-05-14,UA-63,9.3,0.0,44,3.82
2024-05-15,UA-63,11.1,0.1,42,3.99
2024-05-16,UA-63,11.7,0.0,45,2.21
2024-05-17,UA-63,11.3,1.9,65,2.84
2024-05-18,UA-63,15.0,0.1,64,1.28
2024-05-19,UA-63,16.4,0.0,59,1.38
2024-05-20,UA-63,18.3,0.0,53,1.38
2024-05-21,UA-63,18.5,0.0,60,1.71
2024-05-22,UA-63,19.8,0.0,55,1.63
2024-05-23,UA-63,19.9,0.7,55,3.69
2024-05-24,UA-63,17.8,0.0,41,5.05
2024-05-25,UA-63,16.6,0.0,35,3.86
2024-05-26,UA-63,16.6,0.0,43,3.12
2024-05-27,UA-63,20.2,0.0,40,3.47
2024-05-28,UA-63,21.3,0.0,43,3.99
2024-05-29,UA-63,21.4,0.1,42,4.07
2024-05-30,UA-63,20.0,1.1,67,2.78
2024-05-31,UA-63,20.8,0.5,63,2.06
2024-06-01,UA-63,22.7,0.0,58,2.26
2024-06-02,UA-63,24.5,0.0,48,3.75
2024-06-03,UA-63,23.2,0.0,57,3.26
2024-06-04,UA-63,23.4,0.0,57,2.56
2024-06-05,UA-63,21.6,5.8,73,2.41
2024-06-06,UA-63,21.2,0.0,71,4.09
2024-06-07,UA-63,22.2,0.0,61,4.86
2024-06-08,UA-63,21.9,0.1,62,2.24
2024-06-09,UA-63,22.1,0.1,63,1.87
2024-06-10,UA-63,25.0,0.0,51,3.23
2024-06-11,UA-63,25.2,0.1,52,3.72
2024-06-12,UA-63,23.5,0.6,67,3.72
2024-06-13,UA-63,18.4,0.0,80,4.1
2024-06-14,UA-63,20.5,3.4,71,1.71
2024-06-15,UA-63,20.6,8.2,81,4.18
2024-06-16,UA-63,20.7,10.5,85,3.51
2024-06-17,UA-63,20.7,4.5,86,3.58
2024-06-18,UA-63,22.8,1.3,74,3.3
2024-06-19,UA-63,24.1,0.0,64,1.92
2024-06-20,UA-63,20.6,3.2,69,5.63
2024-06-21,UA-63,19.6,0.0,62,5.72
2024-06-22,UA-63,21.0,0.0,61,3.2
2024-06-23,UA-63,23.0,5.3,68,2.72
2024-06-24,UA-63,21.3,0.2,72,4.89
2024-06-25,UA-63,18.0,2.5,68,3.75
2024-06-26,UA-63,18.6,0.7,69,4.24
2024-06-27,UA-63,20.1,0.0,63,2.96
2024-06-28,UA-63,22.4,0.0,59,2.84
2024-06-29,UA-63,23.5,0.0,58,1.84
2024-06-30,UA-63,24.9,0.0,59,1.56
2024-07-01,UA-63,26.1,0.0,56,1.24
2024-07-02,UA-63,27.4,0.0,48,2.5
2024-07-03,UA-63,27.9,0.0,38,2.75
2024-07-04,UA-63,27.9,0.0,41,3.32
2024-07-05,UA-63,26.4,0.8,51,2.94
2024-07-06,UA-63,22.6,0.0,56,4.34
2024-07-07,UA-63,23.3,0.0,50,4.12
2024-07-08,UA-63,26.0,0.0,55,2.4
2024-07-09,UA-63,27.5,0.3,58,2.41
2024-07-10,UA-63,28.0,0.0,52,2.84
2024-07-11,UA-63,27.8,0.2,54,2.99
2024-07-12,UA-63,26.3,0.0,48,2.9
2024-07-13,UA-63,26.0,0.0,48,1.73
2024-07-14,UA-63,28.5,0.1,54,1.97
2024-07-15,UA-63,29.0,0.0,55,2.61
2024-07-16,UA-63,29.1,0.0,54,2.7
2024-07-17,UA-63,29.6,0.0,52,2.4
2024-07-18,UA-63,28.9,0.1,55,2.55
2024-07-19,UA-63,25.9,0.0,60,3.81
2024-07-20,UA-63,24.5,0.0,52,2.44
2024-07-21,UA-63,24.7,0.0,49,1.99
2024-07-22,UA-63,24.1,0.1,55,1.84
2024-07-23,UA-63,21.2,5.4,69,2.39
2024-07-24,UA-63,20.1,0.0,59,3.31
2024-07-25,UA-63,21.8,0.0,56,2.02
2024-07-26,UA-63,23.0,0.0,54,2.62
2024-07-27,UA-63,23.7,0.0,49,1.45
2024-07-28,UA-63,24.7,0.0,55,2.29
2024-07-29,UA-63,22.0,0.5,56,4.26
2024-07-30,UA-63,18.9,0.5,66,5.97
2024-07-31,UA-63,20.6,0.4,65,4.2
2024-08-01,UA-63,21.2,0.0,55,3.66
2024-08-02,UA-63,21.4,0.0,51,2.64
2024-08-03,UA-63,23.1,0.1,50,1.52
2024-08-04,UA-63,20.1,14.7,81,2.92
2024-08-05,UA-63,20.4,0.2,69,2.56
2024-08-06,UA-63,21.7,0.0,61,1.94
2024-08-07,UA-63,22.0,0.6,64,2.19
2024-08-08,UA-63,21.4,0.0,64,3.72
2024-08-09,UA-63,21.9,0.0,61,2.71
2024-08-10,UA-63,22.2,0.7,60,2.15
2024-08-11,UA-63,21.8,0.0,58,4.38
2024-08-12,UA-63,18.8,1.3,55,5.04
2024-08-13,UA-63,17.7,0.4,60,4.11
2024-08-14,UA-63,18.9,0.0,59,4.0
2024-08-15,UA-63,19.9,0.6,61,3.27
2024-08-16,UA-63,20.2,0.0,53,3.15
2024-08-17,UA-63,21.3,0.0,51,1.4
2024-08-18,UA-63,23.2,0.0,46,2.18
2024-08-19,UA-63,25.1,0.0,39,2.07
2024-08-20,UA-63,26.3,0.0,37,1.96
2024-08-21,UA-63,26.6,0.0,36,2.65
2024-08-22,UA-63,27.7,0.0,35,3.35
2024-08-23,UA-63,25.9,0.1,46,1.82
2024-08-24,UA-63,26.3,0.0,47,2.9
2024-08-25,UA-63,27.0,0.0,43,1.9
2024-08-26,UA-63,27.1,0.0,41,2.41
2024-08-27,UA-63,25.8,0.0,40,4.02
2024-08-28,UA-63,25.9,0.0,40,4.15
2024-08-29,UA-63,25.6,0.0,35,3.82
2024-08-30,UA-63,25.2,0.0,30,4.32
2024-08-31,UA-63,26.1,0.0,30,4.32
2024-09-01,UA-63,24.7,0.0,34,5.11
2024-09-02,UA-63,25.1,0.0,33,5.57
2024-09-03,UA-63,22.5,0.6,36,4.81
2024-09-04,UA-63,23.2,0.0,29,4.91
2024-09-05,UA-63,22.0,0.0,41,5.73
2024-09-06,UA-63,19.2,0.0,37,4.74
2024-09-07,UA-63,18.4,0.0,39,3.6
2024-09-08,UA-63,19.2,0.0,38,3.65
2024-09-09,UA-63,19.4,0.0,39,3.94
2024-09-10,UA-63,20.3,0.2,55,3.58
2024-09-11,UA-63,22.2,0.8,64,3.53
2024-09-12,UA-63,24.3,0.8,38,5.5
2024-09-13,UA-63,22.9,0.0,35,5.71
2024-09-14,UA-63,23.0,0.0,34,5.96
2024-09-15,UA-63,22.3,0.0,31,6.43
2024-09-16,UA-63,21.6,0.0,35,6.32
2024-09-17,UA-63,20.5,0.0,38,5.28
2024-09-18,UA-63,17.8,0.0,34,4.97
2024-09-19,UA-63,15.8,0.0,35,3.49
2024-09-20,UA-63,17.0,0.0,48,2.97
2024-09-21,UA-63,16.9,0.0,53,2.24
2024-09-22,UA-63,18.2,0.0,54,2.42
2024-09-23,UA-63,17.3,0.0,47,3.57
2024-09-24,UA-63,17.1,0.0,43,2.86
2024-09-25,UA-63,16.0,0.0,33,2.96
2024-09-26,UA-63,17.5,0.0,45,3.99
2024-09-27,UA-63,19.1,0.0,47,4.99
2024-09-28,UA-63,20.6,0.0,50,4.52
2024-09-29,UA-63,19.1,0.0,35,4.7
2024-09-30,UA-63,18.4,0.0,39,4.17
2024-10-01,UA-63,18.4,0.0,32,5.72
2024-10-02,UA-63,15.8,0.0,37,3.28
2024-10-03,UA-63,15.0,0.0,41,2.33
2024-10-04,UA-63,16.5,0.0,53,3.2
2024-10-05,UA-63,18.9,0.0,59,3.0
2024-10-06,UA-63,19.4,0.0,53,3.34
2024-10-07,UA-63,16.3,6.3,66,4.89
2024-10-08,UA-63,11.8,1.4,78,6.41
2024-10-09,UA-63,11.9,0.0,77,2.49
2024-10-10,UA-63,12.9,0.0,75,3.02
2024-10-11,UA-63,15.7,0.0,61,3.79
2024-10-12,UA-63,13.4,0.0,61,5.53
2024-10-13,UA-63,8.2,4.5,72,5.98
2024-10-14,UA-63,6.8,5.1,95,3.15
2024-10-15,UA-63,8.9,1.6,89,2.36
2024-10-16,UA-63,7.9,0.8,87,3.43
2024-10-17,UA-63,6.3,0.5,81,4.76
2024-10-18,UA-63,5.5,4.3,86,5.09
2024-10-19,UA-63,5.6,1.0,82,5.18
2024-10-20,UA-63,7.4,0.0,70,4.26
2024-10-21,UA-63,9.1,0.0,70,2.95
2024-10-22,UA-63,9.0,0.0,68,2.36
2024-10-23,UA-63,11.1,0.0,66,4.51
2024-10-24,UA-63,8.6,0.1,75,4.32
2024-10-25,UA-63,8.1,0.8,84,4.0
2024-10-26,UA-63,5.5,0.0,79,1.52
2024-10-27,UA-63,8.0,0.2,82,2.73
2024-10-28,UA-63,8.8,0.0,83,2.13
2024-10-29,UA-63,8.1,0.0,80,2.44
2024-10-30,UA-63,6.6,0.0,75,2.41
2024-10-31,UA-63,8.5,1.1,79,4.67
2024-11-01,UA-63,8.8,0.1,79,6.72
2024-11-02,UA-63,7.5,1.7,65,6.84
2024-11-03,UA-63,2.7,0.8,68,5.28
2024-11-04,UA-63,2.1,6.2,77,8.77
2024-11-05,UA-63,1.6,0.0,63,5.78
2024-11-06,UA-63,5.6,1.3,91,5.02
2024-11-07,UA-63,6.3,0.2,88,3.76
2024-11-08,UA-63,5.3,0.6,88,3.4
2024-11-09,UA-63,4.7,0.0,85,2.32
2024-11-10,UA-63,3.0,0.0,89,2.48
2024-11-11,UA-63,4.2,0.1,77,2.28
2024-11-12,UA-63,3.1,0.0,70,2.17
2024-11-13,UA-63,2.4,0.5,74,1.42
2024-11-14,UA-63,0.3,5.5,95,1.78
2024-11-15,UA-63,0.2,0.2,94,3.24
2024-11-16,UA-63,1.6,0.1,90,3.8
2024-11-17,UA-63,3.6,0.1,86,4.5
2024-11-18,UA-63,4.4,0.0,86,3.82
2024-11-19,UA-63,1.4,0.0,86,3.15
2024-11-20,UA-63,5.1,0.0,81,6.1
2024-11-21,UA-63,8.4,8.0,87,8.34
2024-11-22,UA-63,2.3,0.7,80,5.43
2024-11-23,UA-63,6.4,29.5,92,6.83
2024-11-24,UA-63,-0.4,0.0,78,5.64
2024-11-25,UA-63,-2.8,0.0,83,3.71
2024-11-26,UA-63,-2.4,0.0,91,2.82
2024-11-27,UA-63,-0.7,0.0,93,1.48
2024-11-28,UA-63,-0.5,0.3,91,1.78
2024-11-29,UA-63,-1.7,0.1,94,1.76
2024-11-30,UA-63,-1.0,0.0,92,1.62
2024-12-01,UA-63,-0.1,0.0,94,0.83
2024-12-02,UA-63,-1.3,0.0,90,1.28
2024-12-03,UA-63,-2.5,0.0,93,2.27
2024-12-04,UA-63,-0.4,0.2,88,2.15
2024-12-05,UA-63,-0.8,0.3,89,4.03
2024-12-06,UA-63,-1.7,3.9,93,4.83
2024-12-07,UA-63,-1.1,0.5,96,4.87
2024-12-08,UA-63,-1.1,0.3,96,5.26
2024-12-09,UA-63,0.2,0.2,96,4.37
2024-12-10,UA-63,0.7,3.4,99,3.32
2024-12-11,UA-63,1.6,9.2,100,2.41
2024-12-12,UA-63,-1.2,5.5,83,5.42
2024-12-13,UA-63,-4.8,2.0,75,7.38
2024-12-14,UA-63,-5.2,0.0,68,5.04
2024-12-15,UA-63,-0.4,5.7,90,5.46
2024-12-16,UA-63,1.2,6.0,89,7.12
2024-12-17,UA-63,2.5,0.8,87,6.92
2024-12-18,UA-63,0.2,0.6,73,6.48
2024-12-19,UA-63,-0.5,3.5,86,3.61
2024-12-20,UA-63,5.3,0.0,92,4.57
2024-12-21,UA-63,4.6,2.3,98,2.21
2024-12-22,UA-63,2.7,2.8,99,2.57
2024-12-23,UA-63,3.8,4.1,99,2.35
2024-12-24,UA-63,3.8,0.1,97,1.33
2024-12-25,UA-63,2.9,0.0,92,2.5
2024-12-26,UA-63,0.4,0.0,88,3.11
2024-12-27,UA-63,-0.9,0.0,88,2.31
2024-12-28,UA-63,-1.1,0.0,91,2.44
2024-12-29,UA-63,-1.1,0.0,95,1.7
2024-12-30,UA-63,-0.7,1.1,97,3.66
2024-12-31,UA-63,0.4,0.4,96,4.49
2024-01-01,UA-12,2.7,0.6,89,4.08
2024-01-02,UA-12,5.0,0.7,83,5.16
2024-01-03,UA-12,-1.2,4.4,85,3.64
2024-01-04,UA-12,4.3,0.9,92,3.48
2024-01-05,UA-12,3.3,6.3,90,3.79
2024-01-06,UA-12,0.6,0.6,83,3.41
2024-01-07,UA-12,-1.0,8.5,89,5.68
2024-01-08,UA-12,-9.7,11.1,86,6.93
2024-01-09,UA-12,-12.3,0.0,81,4.19
2024-01-10,UA-12,-4.5,0.0,92,4.13
2024-01-11,UA-12,-2.5,2.1,93,5.19
2024-01-12,UA-12,-9.3,0.5,73,5.11
2024-01-13,UA-12,-11.2,0.4,79,3.63
2024-01-14,UA-12,-3.3,3.6,88,4.57
2024-01-15,UA-12,-2.0,0.0,85,5.01
2024-01-16,UA-12,0.2,5.8,87,5.16
2024-01-17,UA-12,-4.5,0.0,76,2.79
2024-01-18,UA-12,3.0,4.3,90,7.3
2024-01-19,UA-12,5.1,9.7,99,3.42
2024-01-20,UA-12,-1.0,1.8,85,4.88
2024-01-21,UA-12,-3.1,1.7,88,2.5
2024-01-22,UA-12,-4.6,0.0,80,2.38
2024-01-23,UA-12,-4.1,0.0,80,3.67
2024-01-24,UA-12,-3.2,0.1,84,3.79
2024-01-25,UA-12,0.2,4.1,96,4.21
2024-01-26,UA-12,1.3,4.1,98,2.27
2024-01-27,UA-12,1.0,0.2,92,2.02
2024-01-28,UA-12,1.2,1.4,93,3.35
2024-01-29,UA-12,0.6,0.1,85,2.99
2024-01-30,UA-12,-0.4,0.0,82,2.63
2024-01-31,UA-12,0.6,0.0,81,2.52
2024-02-01,UA-12,1.9,0.0,85,3.85
2024-02-02,UA-12,1.6,0.5,81,4.8
2024-02-03,UA-12,0.9,3.2,88,5.8
2024-02-04,UA-12,4.4,1.4,83,5.06
2024-02-05,UA-12,2.8,4.9,83,7.51
2024-02-06,UA-12,2.7,1.2,80,4.87
2024-02-07,UA-12,6.9,0.0,75,5.73
2024-02-08,UA-12,4.1,1.3,81,3.31
2024-02-09,UA-12,0.7,9.9,97,2.59
2024-02-10,UA-12,1.4,10.1,98,3.37
2024-02-11,UA-12,6.9,0.5,97,3.59
2024-02-12,UA-12,9.8,1.3,84,5.0
2024-02-13,UA-12,8.6,1.0,85,3.17
2024-02-14,UA-12,8.0,0.1,87,2.45
2024-02-15,UA-12,3.0,0.6,82,4.49
2024-02-16,UA-12,-1.4,0.0,75,3.76
2024-02-17,UA-12,-1.9,0.0,79,2.59
2024-02-18,UA-12,-0.8,1.9,93,3.31
2024-02-19,UA-12,-0.4,0.0,67,2.89
2024-02-20,UA-12,-1.2,0.0,67,2.95
2024-02-21,UA-12,0.2,1.3,78,4.42
2024-02-22,UA-12,2.8,0.2,84,4.31
2024-02-23,UA-12,2.7,0.0,81,5.46
2024-02-24,UA-12,4.9,0.0,72,6.05
2024-02-25,UA-12,3.0,0.0,64,5.64
2024-02-26,UA-12,2.0,0.0,66,4.86
2024-02-27,UA-12,2.0,0.0,65,4.06
2024-02-28,UA-12,2.3,0.0,61,3.6
2024-02-29,UA-12,2.0,0.0,66,2.53
2024-03-01,UA-12,2.0,0.0,73,2.43
2024-03-02,UA-12,1.4,0.0,77,3.99
2024-03-03,UA-12,3.5,0.0,61,4.9
2024-03-04,UA-12,4.1,0.0,69,3.59
2024-03-05,UA-12,3.9,0.0,67,2.63
2024-03-06,UA-12,1.2,0.0,72,4.77
2024-03-07,UA-12,-1.2,0.0,71,3.25
2024-03-08,UA-12,-2.1,0.0,73,2.02
2024-03-09,UA-12,1.8,0.0,66,2.44
2024-03-10,UA-12,3.1,0.0,64,2.25
2024-03-11,UA-12,-0.8,0.0,64,3.29
2024-03-12,UA-12,1.4,0.0,59,3.79
2024-03-13,UA-12,3.6,1.5,54,5.59
2024-03-14,UA-12,3.3,4.7,84,3.96
2024-03-15,UA-12,3.5,4.2,93,2.58
2024-03-16,UA-12,5.2,0.0,89,0.79
2024-03-17,UA-12,6.6,1.4,88,2.17
2024-03-18,UA-12,6.9,3.1,82,2.99
2024-03-19,UA-12,6.2,8.0,86,1.9
2024-03-20,UA-12,6.8,0.5,77,3.66
2024-03-21,UA-12,4.8,0.0,72,3.47
2024-03-22,UA-12,2.4,0.0,76,2.31
2024-03-23,UA-12,5.3,0.0,72,2.67
2024-03-24,UA-12,7.6,0.0,70,5.58
2024-03-25,UA-12,7.7,0.0,70,4.12
2024-03-26,UA-12,8.7,1.4,74,2.96
2024-03-27,UA-12,7.2,0.0,83,1.9
2024-03-28,UA-12,9.9,0.2,64,5.27
2024-03-29,UA-12,12.5,3.2,74,4.93
2024-03-30,UA-12,12.9,0.0,63,3.26
2024-03-31,UA-12,15.4,0.0,48,3.95
2024-04-01,UA-12,15.9,0.0,52,4.84
2024-04-02,UA-12,17.2,0.0,56,6.08
2024-04-03,UA-12,13.8,0.0,51,4.67
2024-04-04,UA-12,12.8,0.0,51,4.31
2024-04-05,UA-12,8.1,0.0,60,2.47
2024-04-06,UA-12,12.1,1.3,64,3.26
2024-04-07,UA-12,14.8,0.0,65,2.06
2024-04-08,UA-12,16.4,0.0,57,1.14
2024-04-09,UA-12,17.1,0.0,55,1.22
2024-04-10,UA-12,18.1,0.0,55,1.72
2024-04-11,UA-12,19.6,0.0,53,1.43
2024-04-12,UA-12,16.6,0.0,54,3.6
2024-04-13,UA-12,14.0,0.0,59,3.47
2024-04-14,UA-12,16.0,0.4,59,3.6
2024-04-15,UA-12,17.0,2.3,67,3.89
2024-04-16,UA-12,17.2,0.3,76,3.81
2024-04-17,UA-12,17.9,0.0,65,5.55
2024-04-18,UA-12,15.6,2.1,73,3.73
2024-04-19,UA-12,10.4,0.2,65,5.23
2024-04-20,UA-12,12.8,1.0,61,5.32
2024-04-21,UA-12,13.5,0.7,67,7.75
2024-04-22,UA-12,12.0,1.1,66,3.98
2024-04-23,UA-12,12.9,0.1,69,2.48
2024-04-24,UA-12,15.4,1.3,65,6.36
2024-04-25,UA-12,16.4,0.1,75,1.61
2024-04-26,UA-12,17.2,0.9,79,2.45
2024-04-27,UA-12,15.8,0.0,74,3.29
2024-04-28,UA-12,14.1,6.3,75,5.15
2024-04-29,UA-12,15.6,2.4,59,5.64
2024-04-30,UA-12,15.7,0.0,49,4.78
2024-05-01,UA-12,17.0,0.0,47,2.98
2024-05-02,UA-12,18.3,0.0,47,3.02
2024-05-03,UA-12,16.0,0.0,51,4.17
2024-05-04,UA-12,10.0,0.0,42,4.39
2024-05-05,UA-12,13.5,0.0,40,3.29
2024-05-06,UA-12,18.2,0.0,44,4.41
2024-05-07,UA-12,17.4,6.9,52,5.84
2024-05-08,UA-12,9.9,0.0,61,4.33
2024-05-09,UA-12,10.7,0.0,53,2.73
2024-05-10,UA-12,11.8,0.0,49,1.68
2024-05-11,UA-12,15.0,0.0,48,4.52
2024-05-12,UA-12,10.4,0.0,51,4.72
2024-05-13,UA-12,9.4,2.0,62,4.48
2024-05-14,UA-12,11.0,0.0,46,4.96
2024-05-15,UA-12,11.9,0.0,49,5.09
2024-05-16,UA-12,13.3,0.0,44,3.03
2024-05-17,UA-12,14.4,0.0,49,2.46
2024-05-18,UA-12,16.6,1.6,63,2.29
2024-05-19,UA-12,16.7,0.3,69,1.47
2024-05-20,UA-12,18.7,0.0,61,1.52
2024-05-21,UA-12,20.3,0.0,53,1.22
2024-05-22,UA-12,20.6,0.1,49,2.32
2024-05-23,UA-12,21.8,0.0,45,4.32
2024-05-24,UA-12,20.0,0.0,42,5.84
2024-05-25,UA-12,18.2,0.0,31,5.07
2024-05-26,UA-12,17.0,0.0,39,4.09
2024-05-27,UA-12,18.7,0.5,44,3.96
2024-05-28,UA-12,22.4,0.0,36,4.8
2024-05-29,UA-12,19.5,1.9,58,3.92
2024-05-30,UA-12,18.7,0.1,69,2.71
2024-05-31,UA-12,21.0,0.0,58,1.86
2024-06-01,UA-12,23.7,0.0,48,3.04
2024-06-02,UA-12,24.8,0.0,46,4.72
2024-06-03,UA-12,24.2,0.0,55,3.05
2024-06-04,UA-12,24.9,1.0,56,2.56
2024-06-05,UA-12,23.3,1.7,68,2.72
2024-06-06,UA-12,22.5,0.0,64,4.69
2024-06-07,UA-12,23.1,0.0,57,3.99
2024-06-08,UA-12,22.3,0.5,63,2.13
2024-06-09,UA-12,23.2,0.0,62,1.57
2024-06-10,UA-12,26.2,0.0,48,3.57
2024-06-11,UA-12,26.6,0.0,50,4.38
2024-06-12,UA-12,23.7,2.8,66,4.48
2024-06-13,UA-12,21.9,0.0,59,3.99
2024-06-14,UA-12,23.2,2.0,63,2.43
2024-06-15,UA-12,20.1,10.5,87,4.08
2024-06-16,UA-12,21.0,5.0,84,2.12
2024-06-17,UA-12,21.5,4.7,82,3.37
2024-06-18,UA-12,24.1,0.2,68,2.59
2024-06-19,UA-12,25.5,0.0,61,1.3
2024-06-20,UA-12,22.6,2.3,65,5.28
2024-06-21,UA-12,20.2,0.0,61,4.86
2024-06-22,UA-12,22.0,0.0,59,2.96
2024-06-23,UA-12,25.0,0.3,59,2.18
2024-06-24,UA-12,22.3,0.0,66,5.04
2024-06-25,UA-12,19.5,0.4,69,4.38
2024-06-26,UA-12,20.9,0.0,57,4.13
2024-06-27,UA-12,22.3,0.0,57,3.02
2024-06-28,UA-12,23.0,0.0,54,3.06
2024-06-29,UA-12,24.1,0.0,54,2.93
2024-06-30,UA-12,25.5,0.0,52,1.57
2024-07-01,UA-12,27.0,0.0,53,1.34
2024-07-02,UA-12,28.2,0.0,44,2.47
2024-07-03,UA-12,27.8,0.0,40,2.93
2024-07-04,UA-12,27.2,0.2,48,3.27
2024-07-05,UA-12,25.7,0.9,62,3.66
2024-07-06,UA-12,23.3,0.0,52,4.75
2024-07-07,UA-12,24.5,0.0,48,4.09
2024-07-08,UA-12,27.2,0.0,50,2.97
2024-07-09,UA-12,28.6,0.1,51,2.95
2024-07-10,UA-12,29.0,0.0,42,3.38
2024-07-11,UA-12,29.1,0.0,41,3.39
2024-07-12,UA-12,28.5,0.0,49,3.07
2024-07-13,UA-12,26.5,0.0,45,2.74
2024-07-14,UA-12,28.4,0.0,49,2.36
2024-07-15,UA-12,29.8,0.1,53,2.8
2024-07-16,UA-12,30.3,0.3,50,3.49
2024-07-17,UA-12,30.9,0.0,48,3.0
2024-07-18,UA-12,30.6,0.0,47,3.29
2024-07-19,UA-12,27.2,0.2,57,4.58
2024-07-20,UA-12,25.7,0.0,53,2.86
2024-07-21,UA-12,26.4,0.0,47,2.33
2024-07-22,UA-12,24.6,0.1,64,1.95
2024-07-23,UA-12,24.2,0.4,61,2.3
2024-07-24,UA-12,22.6,0.0,57,3.36
2024-07-25,UA-12,22.7,0.0,50,2.3
2024-07-26,UA-12,24.6,0.0,49,2.73
2024-07-27,UA-12,25.2,0.0,45,2.52
2024-07-28,UA-12,26.1,0.0,52,2.05
2024-07-29,UA-12,23.3,0.6,57,3.66
2024-07-30,UA-12,20.6,0.4,58,5.88
2024-07-31,UA-12,21.8,0.6,63,4.36
2024-08-01,UA-12,22.9,0.0,51,3.01
2024-08-02,UA-12,23.9,0.0,47,3.09
2024-08-03,UA-12,25.1,0.1,50,2.11
2024-08-04,UA-12,22.8,8.8,72,3.48
2024-08-05,UA-12,21.9,0.9,65,3.24
2024-08-06,UA-12,22.9,0.0,57,2.01
2024-08-07,UA-12,22.8,0.0,60,2.54
2024-08-08,UA-12,23.2,0.0,59,3.09
2024-08-09,UA-12,23.3,0.0,56,2.21
2024-08-10,UA-12,23.9,0.6,58,1.88
2024-08-11,UA-12,23.7,0.0,57,4.03
2024-08-12,UA-12,20.9,0.0,52,4.28
2024-08-13,UA-12,20.3,0.0,50,4.1
2024-08-14,UA-12,19.8,0.0,54,3.6
2024-08-15,UA-12,21.4,0.0,51,2.63
2024-08-16,UA-12,22.0,0.0,50,2.53
2024-08-17,UA-12,23.2,0.0,46,1.78
2024-08-18,UA-12,24.8,0.0,45,2.43
2024-08-19,UA-12,25.8,0.0,40,1.99
2024-08-20,UA-12,26.1,0.0,39,2.06
2024-08-21,UA-12,26.6,0.0,42,2.7
2024-08-22,UA-12,26.8,0.1,42,2.23
2024-08-23,UA-12,26.0,0.1,52,3.02
2024-08-24,UA-12,26.6,0.1,55,3.48
2024-08-25,UA-12,28.0,0.0,45,2.7
2024-08-26,UA-12,27.3,0.0,40,2.32
2024-08-27,UA-12,26.4,0.0,41,4.11
2024-08-28,UA-12,27.9,0.0,37,4.93
2024-08-29,UA-12,27.0,0.2,37,4.33
2024-08-30,UA-12,26.6,0.0,30,4.97
2024-08-31,UA-12,26.9,0.0,28,5.06
2024-09-01,UA-12,26.3,0.0,32,5.65
2024-09-02,UA-12,25.7,0.6,39,5.14
2024-09-03,UA-12,22.8,1.4,46,4.78
2024-09-04,UA-12,23.3,0.1,34,4.21
2024-09-05,UA-12,24.6,0.0,31,5.91
2024-09-06,UA-12,21.8,0.0,35,5.52
2024-09-07,UA-12,19.5,0.0,33,4.78
2024-09-08,UA-12,20.5,0.0,32,4.73
2024-09-09,UA-12,19.8,4.3,46,3.59
2024-09-10,UA-12,19.2,3.3,78,2.64
2024-09-11,UA-12,22.7,0.3,68,1.7
2024-09-12,UA-12,23.3,0.1,61,2.39
2024-09-13,UA-12,22.9,0.0,54,4.06
2024-09-14,UA-12,24.2,0.0,36,5.76
2024-09-15,UA-12,23.4,0.0,31,7.49
2024-09-16,UA-12,22.1,0.0,34,7.01
2024-09-17,UA-12,21.7,0.0,35,5.87
2024-09-18,UA-12,18.0,3.3,46,6.3
2024-09-19,UA-12,16.7,0.0,32,4.58
2024-09-20,UA-12,17.6,0.0,42,3.19
2024-09-21,UA-12,17.5,0.0,51,3.02
2024-09-22,UA-12,18.7,0.0,52,2.26
2024-09-23,UA-12,19.6,0.0,50,3.15
2024-09-24,UA-12,19.1,0.0,48,2.71
2024-09-25,UA-12,17.7,0.0,43,2.61
2024-09-26,UA-12,18.4,0.0,53,3.56
2024-09-27,UA-12,19.7,0.0,60,4.4
2024-09-28,UA-12,20.4,0.0,57,3.59
2024-09-29,UA-12,18.8,0.0,49,3.74
2024-09-30,UA-12,18.7,0.0,48,3.64
2024-10-01,UA-12,18.5,0.0,39,4.96
2024-10-02,UA-12,16.5,0.0,36,3.49
2024-10-03,UA-12,15.8,0.0,54,2.87
2024-10-04,UA-12,17.4,0.0,65,3.94
2024-10-05,UA-12,19.2,0.0,69,3.77
2024-10-06,UA-12,20.0,0.0,60,3.83
2024-10-07,UA-12,15.5,4.2,76,5.2
2024-10-08,UA-12,13.0,0.5,71,5.08
2024-10-09,UA-12,14.2,0.0,74,1.83
2024-10-10,UA-12,15.9,0.0,75,2.94
2024-10-11,UA-12,17.7,0.0,74,3.6
2024-10-12,UA-12,16.7,0.7,60,4.42
2024-10-13,UA-12,10.3,17.6,87,3.86
2024-10-14,UA-12,10.2,0.1,88,2.47
2024-10-15,UA-12,9.4,0.4,84,2.3
2024-10-16,UA-12,9.1,0.7,83,3.49
2024-10-17,UA-12,7.4,0.0,76,5.12
2024-10-18,UA-12,6.5,3.3,79,5.43
2024-10-19,UA-12,6.0,1.8,85,5.19
2024-10-20,UA-12,7.1,0.0,73,4.58
2024-10-21,UA-12,8.9,0.0,72,3.49
2024-10-22,UA-12,8.5,0.0,74,2.19
2024-10-23,UA-12,11.9,0.0,64,3.86
2024-10-24,UA-12,9.7,0.0,73,4.09
2024-10-25,UA-12,9.3,0.2,80,4.33
2024-10-26,UA-12,8.7,0.0,80,1.52
2024-10-27,UA-12,9.6,0.0,73,3.15
2024-10-28,UA-12,11.3,0.2,83,2.68
2024-10-29,UA-12,9.3,0.0,82,2.51
2024-10-30,UA-12,7.5,0.0,74,1.83
2024-10-31,UA-12,10.6,0.5,80,4.06
2024-11-01,UA-12,10.2,0.0,75,5.7
2024-11-02,UA-12,8.9,0.1,62,6.29
2024-11-03,UA-12,4.0,0.0,59,5.47
2024-11-04,UA-12,4.4,1.4,58,8.84
2024-11-05,UA-12,2.2,0.0,59,5.59
2024-11-06,UA-12,5.8,0.3,73,4.6
2024-11-07,UA-12,6.0,0.0,79,3.07
2024-11-08,UA-12,4.0,0.2,88,3.52
2024-11-09,UA-12,6.0,0.0,82,3.1
2024-11-10,UA-12,3.6,0.0,82,2.78
2024-11-11,UA-12,4.0,0.0,75,3.3
2024-11-12,UA-12,4.4,0.0,62,3.02
2024-11-13,UA-12,3.0,2.2,77,2.01
2024-11-14,UA-12,1.6,2.2,94,2.28
2024-11-15,UA-12,1.6,1.1,89,2.76
2024-11-16,UA-12,2.7,0.0,83,3.32
2024-11-17,UA-12,4.0,0.0,77,4.3
2024-11-18,UA-12,5.6,0.0,86,3.3
2024-11-19,UA-12,3.0,0.0,82,2.84
2024-11-20,UA-12,7.5,0.0,82,6.61
2024-11-21,UA-12,8.2,9.2,83,8.31
2024-11-22,UA-12,3.5,0.2,84,5.86
2024-11-23,UA-12,6.6,19.2,89,6.63
2024-11-24,UA-12,-0.2,0.0,75,6.55
2024-11-25,UA-12,-2.5,0.0,85,4.36
2024-11-26,UA-12,-2.1,0.0,89,2.96
2024-11-27,UA-12,-0.2,0.0,95,2.26
2024-11-28,UA-12,-0.7,0.0,90,2.17
2024-11-29,UA-12,-0.3,0.0,92,2.58
2024-11-30,UA-12,0.8,0.1,92,2.16
2024-12-01,UA-12,0.2,0.0,85,2.22
2024-12-02,UA-12,-2.0,0.0,88,1.69
2024-12-03,UA-12,-2.2,0.0,92,1.94
2024-12-04,UA-12,0.0,0.0,88,2.29
2024-12-05,UA-12,0.4,0.6,87,2.97
2024-12-06,UA-12,0.8,1.0,95,3.53
2024-12-07,UA-12,1.2,0.3,94,4.97
2024-12-08,UA-12,0.8,0.0,91,5.24
2024-12-09,UA-12,2.0,2.7,93,4.59
2024-12-10,UA-12,4.3,7.5,97,3.47
2024-12-11,UA-12,4.8,2.5,96,3.41
2024-12-12,UA-12,0.2,3.0,82,5.4
2024-12-13,UA-12,-3.8,0.4,70,8.01
2024-12-14,UA-12,-4.7,0.0,70,4.54
2024-12-15,UA-12,0.4,8.3,89,5.65
2024-12-16,UA-12,1.9,5.0,88,7.39
2024-12-17,UA-12,4.1,6.5,86,6.88
2024-12-18,UA-12,2.2,0.0,78,6.45
2024-12-19,UA-12,2.5,0.1,90,3.96
2024-12-20,UA-12,6.4,0.0,88,4.53
2024-12-21,UA-12,5.6,2.0,97,1.75
2024-12-22,UA-12,4.4,2.9,97,2.46
2024-12-23,UA-12,3.8,1.7,98,1.98
2024-12-24,UA-12,3.8,0.0,94,3.16
2024-12-25,UA-12,3.5,0.0,89,4.85
2024-12-26,UA-12,1.7,0.0,87,4.29
2024-12-27,UA-12,0.3,0.0,85,3.99
2024-12-28,UA-12,-0.7,0.0,89,3.54
2024-12-29,UA-12,-1.1,0.0,90,1.67
2024-12-30,UA-12,-1.0,0.1,95,3.68
2024-12-31,UA-12,0.8,0.0,91,3.89
2024-01-01,UA-43,7.6,1.5,82,3.7
2024-01-02,UA-43,7.5,5.9,87,3.34
2024-01-03,UA-43,6.0,4.0,84,3.94
2024-01-04,UA-43,9.0,1.5,87,4.78
2024-01-05,UA-43,7.0,1.4,89,3.82
2024-01-06,UA-43,6.8,0.0,73,3.5
2024-01-07,UA-43,10.4,0.7,67,2.49
2024-01-08,UA-43,6.8,13.7,95,2.89
2024-01-09,UA-43,-5.5,2.1,87,5.18
2024-01-10,UA-43,-5.4,0.0,84,1.81
2024-01-11,UA-43,-0.4,0.0,88,3.48
2024-01-12,UA-43,-5.6,5.2,86,3.7
2024-01-13,UA-43,-7.5,0.5,80,1.83
2024-01-14,UA-43,-0.4,2.6,88,3.93
2024-01-15,UA-43,3.8,0.2,82,4.23
2024-01-16,UA-43,3.5,9.9,87,4.39
2024-01-17,UA-43,1.1,0.3,80,2.93
2024-01-18,UA-43,8.5,3.4,81,5.34
2024-01-19,UA-43,10.0,2.6,95,5.09
2024-01-20,UA-43,1.8,6.6,95,3.47
2024-01-21,UA-43,-2.6,0.0,87,1.44
2024-01-22,UA-43,-3.2,0.0,89,3.16
2024-01-23,UA-43,-2.8,0.0,90,2.37
2024-01-24,UA-43,-2.5,0.0,89,1.49
2024-01-25,UA-43,3.3,2.8,91,3.65
2024-01-26,UA-43,2.4,3.1,93,2.69
2024-01-27,UA-43,0.5,0.7,90,1.67
2024-01-28,UA-43,0.1,1.2,92,2.43
2024-01-29,UA-43,-1.2,0.5,91,4.3
2024-01-30,UA-43,-1.9,0.0,89,4.07
2024-01-31,UA-43,-0.7,0.0,80,1.28
2024-02-01,UA-43,2.3,0.0,78,2.62
2024-02-02,UA-43,2.7,0.0,86,2.61
2024-02-03,UA-43,3.3,2.4,77,5.37
2024-02-04,UA-43,6.3,6.4,89,5.39
2024-02-05,UA-43,6.7,6.3,88,6.06
2024-02-06,UA-43,7.8,0.8,83,4.94
2024-02-07,UA-43,9.2,0.0,72,4.92
2024-02-08,UA-43,8.4,0.0,81,4.19
2024-02-09,UA-43,10.2,0.0,81,5.06
2024-02-10,UA-43,11.1,0.0,82,6.16
2024-02-11,UA-43,12.7,0.0,68,5.34
2024-02-12,UA-43,12.9,0.0,55,2.41
2024-02-13,UA-43,11.4,0.0,67,2.06
2024-02-14,UA-43,8.7,2.0,86,2.4
2024-02-15,UA-43,4.0,0.0,93,5.64
2024-02-16,UA-43,0.8,0.0,93,5.59
2024-02-17,UA-43,-0.4,0.0,89,4.48
2024-02-18,UA-43,1.3,0.3,89,1.64
2024-02-19,UA-43,1.4,1.3,89,2.41
2024-02-20,UA-43,2.1,0.0,81,1.93
2024-02-21,UA-43,4.3,0.2,80,1.58
2024-02-22,UA-43,4.0,2.9,88,1.6
2024-02-23,UA-43,6.1,0.0,76,3.15
2024-02-24,UA-43,8.9,0.0,65,3.68
2024-02-25,UA-43,7.0,0.0,75,2.92
2024-02-26,UA-43,7.0,0.0,64,4.0
2024-02-27,UA-43,5.8,0.0,65,2.92
2024-02-28,UA-43,4.6,0.0,68,1.64
2024-02-29,UA-43,6.3,0.0,75,1.27
2024-03-01,UA-43,7.2,0.0,72,2.3
2024-03-02,UA-43,5.4,0.0,72,3.49
2024-03-03,UA-43,5.2,0.0,77,1.97
2024-03-04,UA-43,5.7,0.0,82,1.43
2024-03-05,UA-43,6.2,0.0,82,2.12
2024-03-06,UA-43,4.0,1.0,83,4.38
2024-03-07,UA-43,1.5,0.5,87,3.5
2024-03-08,UA-43,2.5,0.0,79,2.1
2024-03-09,UA-43,2.3,0.0,70,1.79
2024-03-10,UA-43,3.4,0.0,70,2.39
2024-03-11,UA-43,5.5,0.0,72,2.72
2024-03-12,UA-43,7.8,1.1,72,4.63
2024-03-13,UA-43,9.1,1.7,73,2.11
2024-03-14,UA-43,7.8,5.4,88,1.35
2024-03-15,UA-43,8.1,7.4,92,1.29
2024-03-16,UA-43,7.7,4.6,90,1.63
2024-03-17,UA-43,7.4,1.0,84,1.87
2024-03-18,UA-43,7.0,0.0,79,2.09
2024-03-19,UA-43,7.7,1.3,81,1.43
2024-03-20,UA-43,5.5,1.1,88,2.24
2024-03-21,UA-43,5.0,0.7,78,1.6
2024-03-22,UA-43,2.7,2.8,84,3.96
2024-03-23,UA-43,3.7,0.0,79,1.8
2024-03-24,UA-43,6.4,0.0,75,2.52
2024-03-25,UA-43,8.3,3.4,73,4.34
2024-03-26,UA-43,5.2,8.5,89,5.52
2024-03-27,UA-43,7.4,0.0,79,1.75
2024-03-28,UA-43,13.2,0.0,57,3.97
2024-03-29,UA-43,14.7,0.1,65,4.27
2024-03-30,UA-43,13.6,0.0,55,1.72
2024-03-31,UA-43,15.3,0.0,39,2.7
2024-04-01,UA-43,17.2,0.0,44,3.45
2024-04-02,UA-43,19.6,0.0,39,4.82
2024-04-03,UA-43,11.7,0.0,61,3.65
2024-04-04,UA-43,12.6,0.0,54,2.52
2024-04-05,UA-43,11.3,0.9,63,2.19
2024-04-06,UA-43,11.3,0.2,62,1.82
2024-04-07,UA-43,12.6,0.0,52,2.46
2024-04-08,UA-43,14.2,0.0,48,4.28
2024-04-09,UA-43,13.8,0.0,54,3.88
2024-04-10,UA-43,14.0,0.0,62,3.83
2024-04-11,UA-43,15.3,0.0,65,3.64
2024-04-12,UA-43,16.7,0.0,63,2.18
2024-04-13,UA-43,15.2,0.0,62,2.38
2024-04-14,UA-43,14.4,0.0,71,2.87
2024-04-15,UA-43,16.9,0.0,65,5.22
2024-04-16,UA-43,18.7,0.0,50,5.48
2024-04-17,UA-43,18.6,0.0,48,4.33
2024-04-18,UA-43,16.5,0.3,65,3.76
2024-04-19,UA-43,10.9,0.2,73,3.24
2024-04-20,UA-43,12.2,2.8,80,5.23
2024-04-21,UA-43,10.0,1.2,79,6.1
2024-04-22,UA-43,11.6,0.3,76,3.49
2024-04-23,UA-43,13.7,0.0,71,1.88
2024-04-24,UA-43,19.2,0.2,55,4.31
2024-04-25,UA-43,19.1,0.3,65,1.53
2024-04-26,UA-43,17.0,2.6,74,2.73
2024-04-27,UA-43,16.2,0.4,71,1.85
2024-04-28,UA-43,15.4,11.2,85,4.1
2024-04-29,UA-43,14.6,8.7,92,4.55
2024-04-30,UA-43,13.8,2.4,77,7.15
2024-05-01,UA-43,13.7,0.0,70,6.61
2024-05-02,UA-43,15.3,0.0,60,4.72
2024-05-03,UA-43,16.5,0.0,63,2.63
2024-05-04,UA-43,12.4,1.7,69,5.22
2024-05-05,UA-43,9.2,0.0,58,3.45
2024-05-06,UA-43,11.0,0.0,62,1.77
2024-05-07,UA-43,12.7,0.0,56,2.79
2024-05-08,UA-43,12.6,2.7,76,2.42
2024-05-09,UA-43,12.0,1.1,81,3.87
2024-05-10,UA-43,12.5,0.0,60,4.31
2024-05-11,UA-43,13.4,0.0,58,3.68
2024-05-12,UA-43,12.3,0.0,59,3.29
2024-05-13,UA-43,9.2,0.5,62,2.73
2024-05-14,UA-43,8.5,3.3,79,2.44
2024-05-15,UA-43,9.3,1.4,77,2.21
2024-05-16,UA-43,10.7,4.4,83,2.33
2024-05-17,UA-43,11.8,0.0,71,1.96
2024-05-18,UA-43,13.4,0.1,69,1.7
2024-05-19,UA-43,14.5,0.2,65,1.6
2024-05-20,UA-43,16.4,0.0,61,2.35
2024-05-21,UA-43,17.6,0.0,62,3.03
2024-05-22,UA-43,18.7,0.0,59,3.39
2024-05-23,UA-43,18.8,0.0,55,4.19
2024-05-24,UA-43,18.8,0.0,54,7.0
2024-05-25,UA-43,16.7,0.0,56,7.29
2024-05-26,UA-43,13.7,3.2,72,5.47
2024-05-27,UA-43,15.6,1.2,83,3.37
2024-05-28,UA-43,16.6,11.8,87,1.57
2024-05-29,UA-43,15.5,0.5,84,2.73
2024-05-30,UA-43,16.8,0.0,74,1.22
2024-05-31,UA-43,18.6,0.1,69,1.81
2024-06-01,UA-43,20.4,0.0,62,2.06
2024-06-02,UA-43,21.8,0.0,56,1.93
2024-06-03,UA-43,22.2,0.0,59,2.29
2024-06-04,UA-43,23.8,0.0,55,1.99
2024-06-05,UA-43,23.2,0.0,59,2.53
2024-06-06,UA-43,21.0,0.1,71,2.36
2024-06-07,UA-43,22.3,0.0,63,1.56
2024-06-08,UA-43,23.1,0.0,58,1.28
2024-06-09,UA-43,22.9,0.2,58,1.73
2024-06-10,UA-43,23.4,0.0,56,1.5
2024-06-11,UA-43,24.1,0.0,63,1.85
2024-06-12,UA-43,23.0,0.0,74,2.06
2024-06-13,UA-43,22.6,0.0,66,1.67
2024-06-14,UA-43,23.5,1.2,66,1.88
2024-06-15,UA-43,18.9,16.7,91,2.1
2024-06-16,UA-43,19.5,2.9,89,4.66
2024-06-17,UA-43,21.3,0.4,79,3.31
2024-06-18,UA-43,23.1,0.4,70,1.37
2024-06-19,UA-43,24.1,0.1,68,1.46
2024-06-20,UA-43,23.9,0.0,66,2.43
2024-06-21,UA-43,20.3,0.0,56,2.89
2024-06-22,UA-43,21.3,0.0,62,1.53
2024-06-23,UA-43,23.3,0.0,64,1.42
2024-06-24,UA-43,24.3,0.0,63,2.13
2024-06-25,UA-43,22.0,0.0,60,3.24
2024-06-26,UA-43,20.2,0.0,58,2.68
2024-06-27,UA-43,22.1,0.0,59,1.51
2024-06-28,UA-43,22.1,0.0,59,2.93
2024-06-29,UA-43,22.5,0.0,59,3.4
2024-06-30,UA-43,23.3,0.0,57,3.56
2024-07-01,UA-43,25.0,0.0,52,2.58
2024-07-02,UA-43,25.8,0.0,47,1.88
2024-07-03,UA-43,24.3,0.0,60,2.16
2024-07-04,UA-43,23.7,0.4,73,1.61
2024-07-05,UA-43,24.1,0.5,70,2.4
2024-07-06,UA-43,24.1,0.0,56,4.4
2024-07-07,UA-43,25.2,0.0,60,3.97
2024-07-08,UA-43,28.4,0.0,52,3.74
2024-07-09,UA-43,28.7,0.2,53,4.38
2024-07-10,UA-43,27.5,0.0,50,4.67
2024-07-11,UA-43,26.7,0.0,52,5.14
2024-07-12,UA-43,27.3,0.0,53,4.83
2024-07-13,UA-43,24.9,0.0,47,4.59
2024-07-14,UA-43,25.2,0.0,46,4.61
2024-07-15,UA-43,26.3,0.0,47,4.32
2024-07-16,UA-43,28.5,0.0,53,3.96
2024-07-17,UA-43,29.2,0.0,50,4.21
2024-07-18,UA-43,29.3,0.0,49,2.62
2024-07-19,UA-43,28.4,1.1,56,2.86
2024-07-20,UA-43,25.6,2.8,67,2.53
2024-07-21,UA-43,25.1,0.3,70,1.68
2024-07-22,UA-43,24.7,1.2,76,1.51
2024-07-23,UA-43,24.7,4.3,71,1.79
2024-07-24,UA-43,24.3,0.2,59,2.05
2024-07-25,UA-43,23.6,0.1,62,1.88
2024-07-26,UA-43,24.0,0.0,59,2.67
2024-07-27,UA-43,24.7,0.0,55,3.52
2024-07-28,UA-43,25.5,0.0,53,1.9
2024-07-29,UA-43,25.2,0.0,60,3.06
2024-07-30,UA-43,22.0,0.0,52,3.79
2024-07-31,UA-43,21.6,0.0,62,2.72
2024-08-01,UA-43,22.5,0.0,63,2.38
2024-08-02,UA-43,23.0,0.0,64,2.5
2024-08-03,UA-43,23.8,0.0,61,1.75
2024-08-04,UA-43,23.0,0.4,74,2.43
2024-08-05,UA-43,22.2,1.0,70,2.44
2024-08-06,UA-43,22.9,0.0,62,1.82
2024-08-07,UA-43,22.8,0.0,63,1.64
2024-08-08,UA-43,24.5,0.0,58,1.31
2024-08-09,UA-43,24.7,0.0,59,1.32
2024-08-10,UA-43,24.9,0.0,57,1.77
2024-08-11,UA-43,25.1,0.0,58,2.18
2024-08-12,UA-43,23.6,0.0,55,2.6
2024-08-13,UA-43,22.2,1.0,69,2.78
2024-08-14,UA-43,21.1,0.0,52,2.56
2024-08-15,UA-43,21.9,0.0,48,1.81
2024-08-16,UA-43,22.8,0.0,50,1.97
2024-08-17,UA-43,23.8,0.0,50,1.96
2024-08-18,UA-43,24.0,0.0,48,3.17
2024-08-19,UA-43,25.4,0.0,45,3.06
2024-08-20,UA-43,25.5,0.0,49,2.89
2024-08-21,UA-43,25.4,0.0,61,1.64
2024-08-22,UA-43,25.3,0.7,60,2.02
2024-08-23,UA-43,25.6,0.1,55,1.84
2024-08-24,UA-43,25.0,0.0,56,2.22
2024-08-25,UA-43,25.0,0.0,52,4.92
2024-08-26,UA-43,23.5,0.0,48,5.45
2024-08-27,UA-43,21.1,0.5,68,3.43
2024-08-28,UA-43,21.6,4.8,80,1.75
2024-08-29,UA-43,22.1,6.6,81,2.57
2024-08-30,UA-43,22.3,2.9,78,3.43
2024-08-31,UA-43,21.1,5.8,84,2.73
2024-09-01,UA-43,23.5,0.0,70,2.47
2024-09-02,UA-43,23.0,0.0,70,2.06
2024-09-03,UA-43,22.4,5.0,81,1.51
2024-09-04,UA-43,20.9,7.5,86,1.2
2024-09-05,UA-43,21.8,0.2,78,1.84
2024-09-06,UA-43,21.7,0.0,59,5.12
2024-09-07,UA-43,19.7,0.3,65,5.58
2024-09-08,UA-43,19.1,0.5,71,4.31
2024-09-09,UA-43,20.0,8.4,81,1.57
2024-09-10,UA-43,21.5,0.0,76,1.06
2024-09-11,UA-43,23.4,0.0,69,2.55
2024-09-12,UA-43,21.4,4.2,82,1.63
2024-09-13,UA-43,21.4,0.0,77,1.31
2024-09-14,UA-43,22.5,0.0,70,1.89
2024-09-15,UA-43,22.8,0.0,65,4.08
2024-09-16,UA-43,18.9,1.2,71,2.33
2024-09-17,UA-43,18.2,0.1,76,3.95
2024-09-18,UA-43,17.7,2.0,84,1.74
2024-09-19,UA-43,17.5,0.0,61,5.08
2024-09-20,UA-43,16.0,0.0,51,5.01
2024-09-21,UA-43,16.3,0.0,53,3.98
2024-09-22,UA-43,17.8,0.0,60,4.41
2024-09-23,UA-43,18.1,0.0,60,3.9
2024-09-24,UA-43,17.8,0.0,73,3.58
2024-09-25,UA-43,18.3,0.0,68,2.1
2024-09-26,UA-43,18.5,0.0,73,1.28
2024-09-27,UA-43,19.3,0.0,75,1.21
2024-09-28,UA-43,20.0,0.0,67,2.69
2024-09-29,UA-43,19.7,0.0,71,1.56
2024-09-30,UA-43,19.7,0.6,79,1.03
2024-10-01,UA-43,15.9,8.2,92,1.35
2024-10-02,UA-43,15.8,0.0,81,1.05
2024-10-03,UA-43,16.7,0.4,83,1.57
2024-10-04,UA-43,17.4,0.0,79,1.96
2024-10-05,UA-43,19.6,0.0,74,2.38
2024-10-06,UA-43,19.8,0.0,73,1.84
2024-10-07,UA-43,16.4,4.9,88,3.51
2024-10-08,UA-43,14.9,0.4,79,3.02
2024-10-09,UA-43,16.2,0.0,76,1.56
2024-10-10,UA-43,17.4,2.9,84,2.42
2024-10-11,UA-43,18.2,0.0,78,1.83
2024-10-12,UA-43,17.9,3.5,81,1.6
2024-10-13,UA-43,13.9,12.2,93,3.37
2024-10-14,UA-43,13.5,0.1,84,2.66
2024-10-15,UA-43,11.2,0.0,70,1.34
2024-10-16,UA-43,8.6,10.2,93,3.33
2024-10-17,UA-43,7.2,0.6,84,4.38
2024-10-18,UA-43,5.8,0.0,82,3.89
2024-10-19,UA-43,4.5,1.5,93,3.22
2024-10-20,UA-43,4.8,0.1,84,2.69
2024-10-21,UA-43,6.5,0.0,85,2.25
2024-10-22,UA-43,8.7,0.0,77,1.24
2024-10-23,UA-43,10.9,0.0,79,2.12
2024-10-24,UA-43,9.7,0.0,85,1.68
2024-10-25,UA-43,7.5,0.0,81,1.65
2024-10-26,UA-43,9.0,0.0,81,1.78
2024-10-27,UA-43,11.3,0.0,82,1.81
2024-10-28,UA-43,11.8,0.0,79,2.68
2024-10-29,UA-43,12.0,0.0,84,1.7
2024-10-30,UA-43,10.7,0.0,84,1.77
2024-10-31,UA-43,11.2,0.2,85,2.25
2024-11-01,UA-43,12.9,0.0,81,4.4
2024-11-02,UA-43,13.4,0.2,80,5.67
2024-11-03,UA-43,3.3,0.0,64,2.57
2024-11-04,UA-43,5.7,0.7,66,5.96
2024-11-05,UA-43,0.7,0.0,65,2.21
2024-11-06,UA-43,4.1,0.0,69,2.68
2024-11-07,UA-43,7.3,0.0,70,1.77
2024-11-08,UA-43,7.3,0.0,66,1.53
2024-11-09,UA-43,6.1,0.1,89,3.97
2024-11-10,UA-43,5.5,0.0,90,4.38
2024-11-11,UA-43,4.2,0.0,92,4.01
2024-11-12,UA-43,5.1,0.0,84,3.22
2024-11-13,UA-43,5.8,2.3,86,2.41
2024-11-14,UA-43,6.5,2.0,85,1.59
2024-11-15,UA-43,4.0,7.4,95,1.47
2024-11-16,UA-43,2.1,0.0,88,1.58
2024-11-17,UA-43,4.3,0.0,85,1.43
2024-11-18,UA-43,8.2,0.6,78,1.58
2024-11-19,UA-43,7.6,0.1,88,1.35
2024-11-20,UA-43,10.2,0.0,82,3.95
2024-11-21,UA-43,10.0,7.8,79,5.43
2024-11-22,UA-43,7.6,0.0,83,3.91
2024-11-23,UA-43,7.8,11.7,86,4.9
2024-11-24,UA-43,-0.5,0.2,75,4.3
2024-11-25,UA-43,-1.6,0.0,87,4.22
2024-11-26,UA-43,-1.1,0.0,92,2.75
2024-11-27,UA-43,0.3,0.0,93,1.44
2024-11-28,UA-43,1.7,0.0,89,1.11
2024-11-29,UA-43,5.4,0.0,90,2.39
2024-11-30,UA-43,3.3,0.0,93,3.62
2024-12-01,UA-43,1.3,0.0,93,4.05
2024-12-02,UA-43,0.5,0.0,92,3.8
2024-12-03,UA-43,1.3,0.0,94,3.05
2024-12-04,UA-43,2.5,0.4,92,3.38
2024-12-05,UA-43,1.9,0.5,96,2.26
2024-12-06,UA-43,3.9,0.0,89,2.1
2024-12-07,UA-43,7.4,0.0,88,3.42
2024-12-08,UA-43,8.4,0.0,91,2.67
2024-12-09,UA-43,9.6,7.8,85,2.81
2024-12-10,UA-43,11.6,2.4,86,2.95
2024-12-11,UA-43,6.6,0.7,87,4.31
2024-12-12,UA-43,1.4,4.4,89,4.15
2024-12-13,UA-43,-2.8,0.9,70,4.96
2024-12-14,UA-43,-3.5,0.0,65,2.11
2024-12-15,UA-43,3.0,2.7,91,3.93
2024-12-16,UA-43,3.7,2.4,81,5.94
2024-12-17,UA-43,8.4,0.6,87,5.89
2024-12-18,UA-43,5.6,0.7,87,4.38
2024-12-19,UA-43,5.3,0.0,86,2.59
2024-12-20,UA-43,7.7,0.0,79,3.06
2024-12-21,UA-43,8.6,0.5,77,2.23
2024-12-22,UA-43,6.4,10.4,96,2.03
2024-12-23,UA-43,5.0,1.2,89,2.33
2024-12-24,UA-43,7.0,0.0,90,3.82
2024-12-25,UA-43,7.0,2.5,89,5.22
2024-12-26,UA-43,2.2,1.7,95,6.67
2024-12-27,UA-43,0.4,1.8,95,5.03
2024-12-28,UA-43,-1.1,0.0,95,3.21
2024-12-29,UA-43,-1.2,0.0,93,2.33
2024-12-30,UA-43,-0.4,0.0,90,1.43
2024-12-31,UA-43,4.3,0.0,91,4.31
